SKU;Name;Parent SKU;Min - Max;Type;Default price;Extra price;Accounting group;Menu/Screen;Button name;Button color;Barcode;Cost price;Package content (stock management);Package unit (stock management);Weight;Tare (grams, selling by weight);Sharing status;Docket name;Course;Statistics group;Production instruction
OI1;Divers;;;item;;;Divers;Menu/Coffee,Order Anywhere/Coffee;Divers;BLUE;;0.0000;;;;;SHARED;;;;
MSG1;Warten;;;item;0.0;;Divers;;Warten;BLUE;;0.0000;;;;;SHARED;;;;
MSG2;VIP Gast;;;item;0.0;;Divers;;VIP Gast;BLUE;;0.0000;;;;;SHARED;;;;
10;Hot Toddy 4cl Jameson;;;item;6.5;;Coffee;Menu/Coffee,Order Anywhere/Coffee;Hot Toddy 4cl Jameson;BLUE;;0.9760;;;;;LOCAL;;;default/;
11;Double Espresso;;;item;2.5;;Coffee;Menu/Coffee,Order Anywhere/Coffee;Double Espresso;BROWN;;0.3000;;;;;LOCAL;;;default/;
15;Tea;;;item;3.0;;Coffee;Menu/Coffee,Order Anywhere/Coffee;Tea;BLUE;;0.2000;;;;;LOCAL;;;default/;
27;Cow Milk;;;item;0.0;;Coffee;;Cow Milk;BLUE;;0.3390;;;;;LOCAL;;;default/;
28;Ice;;;item;0.5;;Coffee;Menu/Coffee,Order Anywhere/Coffee;Ice;BLUE;;;;;;;LOCAL;;;default/;
29;Extra Shot;;;item;2.0;;Coffee;Menu/Coffee,Order Anywhere/Coffee;Extra Shot;BLUE;;;;;;;LOCAL;;;default/;
30;Pils 0,3L;;;item;3.0;;Tap Beers;Menu/Tap Beers,Order Anywhere/Tap Beers;Pils 0,3L;YELLOW;;0.2735;0.30000;VOLUME;;;LOCAL;;;default/;
31;Radler 0,3L;;;item;3.5;;Tap Beers;Menu/Tap Beers,Order Anywhere/Tap Beers;Radler 0,3L;BROWN;;0.3227;;;;;LOCAL;;;default/;
32;Guinness 0,3L;;;item;5.5;;Tap Beers;Menu/Tap Beers,Order Anywhere/Tap Beers;Guinness 0,3L;BLACK;;0.9847;;;;;LOCAL;;;default/;
33;Stowford Cider 0,3L;;;item;5.5;;Tap Beers;Menu/Tap Beers,Order Anywhere/Tap Beers;Stowford Cider 0,3L;BLUE;;0.9996;;;;;LOCAL;;;default/;
34;Guinness 0,5L;;;item;7.0;;Tap Beers;Menu/Tap Beers,Order Anywhere/Tap Beers;Guinness 0,5L;BLACK;;1.6412;;;;;LOCAL;;;default/;
35;Radler 0,5L;;;item;5.0;;Tap Beers;Menu/Tap Beers,Order Anywhere/Tap Beers;Radler 0,5L;BROWN;;0.5379;;;;;LOCAL;;;default/;
36;Pils 0,5L;;;item;4.5;;Tap Beers;Menu/Tap Beers,Order Anywhere/Tap Beers;Pils 0,5L;YELLOW;;0.4558;0.50000;VOLUME;;;LOCAL;;;default/;
37;Stowford Cider 0,5L;;;item;7.0;;Tap Beers;Menu/Tap Beers,Order Anywhere/Tap Beers;Stowford Cider 0,5L;BLUE;;1.6660;;;;;LOCAL;;;default/;
38;Weihnstephan Hefe 0,5L;;;item;5.0;;Tap Beers;Menu/Tap Beers,Order Anywhere/Tap Beers;Weihnstephan Hefe 0,5L;DARK_RED;;1.0217;;;;;LOCAL;;;default/;
46;Tap 8 0,3 Hopscor IPA;;;item;5.0;;Tap Craft Beer 0,3L;Menu/Tap Beers/Tap Craft 0\\,3L,Order Anywhere/Tap Beers/Tap Craft 0\\,3L;Tap 8 0,3 Hopscor IPA;BLUE;;0.9282;;;;;LOCAL;;;default/;
47;Tap 4 0,3l Ritterguts - Gose;;;item;6.3;;Tap Craft Beer 0,3L;Menu/Tap Beers/Tap Craft 0\\,3L;Tap 4 0,3l Ritterguts - Gose;BLUE;;1.1700;;;;;LOCAL;;;default/;
48;Tap 5 0,3l FW - Here comes the sun 200425;;;item;8.0;;Tap Craft Beer 0,3L;Menu/Tap Beers/Tap Craft 0\\,3L;Tap 5 0,3l FW - Here comes the sun;BLUE;;;;;;;LOCAL;;;default/;
52;Tap 20 0,3 Hopscor Pale Ale;;;item;4.0;;Tap Craft Beer 0,3L;Menu/Tap Beers/Tap Craft 0\\,3L,Order Anywhere/Tap Beers/Tap Craft 0\\,3L;Tap 20 0,3 Hopscor Pale Ale;BLUE;;0.8925;;;;;LOCAL;;;default/;
60;Tap 8 0,5 Hopscor IPA;;;item;6.5;;Tap Craft Beer 0,5L;Menu/Tap Beers/Tap Craft 0\\,5L,Order Anywhere/Tap Beers/Tap Craft 0\\,5L;Tap 8 0,5 Hopscor IPA;BLUE;;1.5470;;;;;LOCAL;;;default/;
61;Tap 4 0,5l Ritterguts - Gose;;;item;7.8;;Tap Craft Beer 0,5L;Menu/Tap Beers/Tap Craft 0\\,5L;Tap 4 0,5l Ritterguts - Gose;BLUE;;1.9500;;;;;LOCAL;;;default/;
62;Tap 5 0,5l - FW Here comes the sun 200425;;;item;9.5;;Tap Craft Beer 0,5L;Menu/Tap Beers/Tap Craft 0\\,5L;Tap 5 0,5l FW - Here comes the sun;BLUE;;;;;;;LOCAL;;;default/;
66;Tap 20 0,5 Hopscor Pale ale;;;item;5.5;;Tap Craft Beer 0,5L;Menu/Tap Beers/Tap Craft 0\\,5L,Order Anywhere/Tap Beers/Tap Craft 0\\,5L;Tap 20 0,5 Hopscor Pale ale;BLUE;;1.4875;;;;;LOCAL;;;default/;
68;Neulich 0,33l;;;item;4.5;;Alkohol;Menu/Bottle Beers \\/ Cans,Order Anywhere/Bottle Beers \\/ Cans;Neulich 0,33l;GREEN;0798003369575;1.0900;0.33000;VOLUME;;;LOCAL;;;default/;
71;Corona 0,33l;;;item;4.5;;Alkohol;Menu/Bottle Beers \\/ Cans,Order Anywhere/Bottle Beers \\/ Cans;Corona 0,33l;YELLOW;75033927;1.0800;0.33000;VOLUME;;;LOCAL;;;default/;
75;BRLO - Naked 0,33L;;;item;4.5;;Alkohol;Menu/Bottle Beers \\/ Cans,Order Anywhere/Bottle Beers \\/ Cans;BRLO NAKED - 0,33l;YELLOW;4260402630588;1.4100;0.33000;VOLUME;;;LOCAL;;;default/;
76;Brlo - Porter 0,33l;;;item;5.5;;Alkohol;Menu/Bottle Beers \\/ Cans,Order Anywhere/Bottle Beers \\/ Cans;Brlo Porter 0,33l;DARK_RED;4260402630168;1.5300;0.33000;VOLUME;;;LOCAL;;;default/;
77;Berliner Berg - lager- 0,33l;;;item;4.5;;Alkohol;Menu/Bottle Beers \\/ Cans,Order Anywhere/Bottle Beers \\/ Cans;Berliner Berg - Lager 0,33l;PURPLE;42329060;1.2400;0.33000;VOLUME;;;LOCAL;;;default/;
78;Gösser Alkoholfrei;;;item;4.5;;Alkohol;Menu/Bottle Beers \\/ Cans,Order Anywhere/Bottle Beers \\/ Cans;Gösser Alkoholfrei;GREEN;90288647;0.9000;0.33000;VOLUME;;;LOCAL;;;default/;
80;Weihenstephaner- Kristall - 0.5l;;;item;4.5;;Alkohol;Menu/Bottle Beers \\/ Cans,Order Anywhere/Bottle Beers \\/ Cans;Weihnstephaner - Kristall - 0.5l;WHITE;40173344;0.9300;0.50000;VOLUME;;;LOCAL;;;default/;
81;Leffe 0,33l;;;item;4.5;;Alkohol;Menu/Bottle Beers \\/ Cans,Order Anywhere/Bottle Beers \\/ Cans;Leffe 0,33l;YELLOW;5410228142218;1.0400;0.33000;VOLUME;;;LOCAL;;;default/;
83;Pilsner urquell 0,33l;;;item;3.0;;Alkohol;Menu/Bottle Beers \\/ Cans,Order Anywhere/Bottle Beers \\/ Cans;Pilsner urquell 0,33l;GREEN;8594404110127;0.7500;0.33000;VOLUME;;;LOCAL;;;default/;
112;Thomas Henry - Tonic Water 0,2l;;;item;3.0;;GIN;;Thomas Henry - Tonic Water 0,2l;BLUE;;0.7500;0.20000;VOLUME;;;LOCAL;;;default/;
114;Thomas Henry - Dry 0,2l;;;item;3.0;;GIN;;Thomas Henry - Dry 0,2l;BLUE;;0.7500;0.20000;VOLUME;;;LOCAL;;;default/;
115;Thomas Henry - Botanical 0,2l;;;item;3.0;;GIN;;Thomas Henry - Botanical 0,2l;BLUE;;0.7500;0.20000;VOLUME;;;LOCAL;;;default/;
117;Shirley Temple;;;item;6.0;;Soft Drinks;Menu/Soft Drinks,Order Anywhere/Soft Drinks;Shirley Temple;BLUE;;0.1759;;;;;LOCAL;;;default/;
121;Coca-Cola 0,33l;;;item;3.0;;Soft Drinks;Menu/Soft Drinks,Order Anywhere/Soft Drinks;Coca-Cola 0,33l;LIGHT_RED;87126853;0.7100;0.33000;VOLUME;;;LOCAL;;;default/;
122;Coca-Cola Zero 0,33l;;;item;3.0;;Soft Drinks;Menu/Soft Drinks,Order Anywhere/Soft Drinks;Coca-Cola Zero 0,33l;LIGHT_RED;90357879;0.7100;0.33000;VOLUME;;;LOCAL;;;default/;
124;Ice tea Fuze 0,3l;;;item;3.5;;Soft Drinks;Menu/Soft Drinks,Order Anywhere/Soft Drinks;Ice tea Fuze 0,3l;BLUE;54021754,90418532;0.8100;0.30000;VOLUME;;;LOCAL;;;default/;
125;Vio Schorle 0,3l;;;item;3.0;;Soft Drinks;Menu/Soft Drinks,Order Anywhere/Soft Drinks;Vio Schorle 0,3l;BLUE;90491146,54008649,90490712,90491139;0.8500;0.30000;VOLUME;;;LOCAL;;;default/;
126;Apfelsaft - Granini;;;item;3.0;;Soft Drinks;Menu/Soft Drinks,Order Anywhere/Soft Drinks;Apfelsaft;ORANGE;4002160045026;0.5500;0.20000;VOLUME;;;LOCAL;;;default/;
127;Orangensaft - Granini;;;item;3.0;;Soft Drinks;Menu/Soft Drinks,Order Anywhere/Soft Drinks;Orangensaft;YELLOW;4002160045194;0.9100;0.20000;VOLUME;;;LOCAL;;;default/;
128;Stilles wasser vio 0,25l;;;item;2.0;;Soft Drinks;Menu/Soft Drinks,Order Anywhere/Soft Drinks;Stilles wasser vio 0,25l;BLUE;;0.4000;0.25000;VOLUME;;;LOCAL;;;default/;
129;Sprudel Wasser vio 0,25l;;;item;2.0;;Soft Drinks;Menu/Soft Drinks,Order Anywhere/Soft Drinks;Sprudel Wasser vio 0,25l;BLUE;;0.4000;0.25000;VOLUME;;;LOCAL;;;default/;
130;Club Mate;;;item;3.0;;Soft Drinks;Menu/Soft Drinks,Order Anywhere/Soft Drinks;Club Mate;BLUE;4029764001821;0.5400;0.33000;VOLUME;;;LOCAL;;;default/;
131;Fanta;;;item;3.0;;Soft Drinks;Menu/Soft Drinks,Order Anywhere/Soft Drinks;Fanta;YELLOW;87126860;0.7100;0.33000;VOLUME;;;LOCAL;;;default/;
132;Sprite;;;item;3.0;;Soft Drinks;Menu/Soft Drinks,Order Anywhere/Soft Drinks;Sprite;GREEN;50112135;0.7100;0.33000;VOLUME;;;LOCAL;;;default/;
133;Ginger Ale 0,2l;;;item;3.0;;Soft Drinks;Menu/Soft Drinks,Order Anywhere/Soft Drinks;Ginger Ale 0,2l;ORANGE;;0.3520;;;;;LOCAL;;;default/;
134;Large Sparkling Water;;;item;5.0;;Soft Drinks;Menu/Soft Drinks,Order Anywhere/Soft Drinks;Large Sparkling Water;BLUE;;0.4100;;;;;LOCAL;;;default/;
138;Cointreau;;;item;3.0;;SHOTS;Menu/Shots,Order Anywhere/Shots;Cointreau;BLUE;;0.5300;;;;;LOCAL;;;default/;
139;Slippery Nipple;;;item;3.0;;SHOTS;Menu/Shots,Order Anywhere/Shots;Slippery Nipple;BLUE;;0.3533;;;;;LOCAL;;;default/;
140;Kahlua;;;item;2.5;;SHOTS;Menu/Shots,Order Anywhere/Shots;Kahlua;BLUE;;0.4483;;;;;LOCAL;;;default/;
142;Campari;;;item;2.5;;SHOTS;Menu/Shots,Order Anywhere/Shots;Campari;BLUE;;0.3824;;;;;LOCAL;;;default/;
143;Jack D Honey;;;item;2.5;;SHOTS;Menu/Shots,Order Anywhere/Shots;Jack D Honey;BLUE;;0.5643;;;;;LOCAL;;;default/;
144;Tequila;;;item;3.0;;SHOTS;Menu/Shots,Order Anywhere/Shots;Tequila;BLUE;;0.6563;;;;;LOCAL;;;default/;
145;Jack D Tennessee Fire;;;item;2.5;;SHOTS;Menu/Shots,Order Anywhere/Shots;Jack D Tennessee Fire;BLUE;;0.5386;;;;;LOCAL;;;default/;
147;Limoncello;;;item;3.0;;SHOTS;Menu/Shots,Order Anywhere/Shots;Limoncello;BLUE;;0.3410;;;;;LOCAL;;;default/;
148;Mexikaner;;;item;2.5;;SHOTS;Menu/Shots,Order Anywhere/Shots;Mexikaner;BLUE;;0.1199;;;;;LOCAL;;;default/;
149;Vodka;;;item;2.5;;SHOTS;Menu/Shots,Order Anywhere/Shots;Vodka;BLUE;;0.3174;;;;;LOCAL;;;default/;
150;Baileys;;;item;2.5;;SHOTS;Menu/Shots,Order Anywhere/Shots;Bailey´s;BLUE;;0.3532;;;;;LOCAL;;;default/;
151;Jägermeister;;;item;3.0;;SHOTS;Menu/Shots,Order Anywhere/Shots;Jägermeister;BLUE;;0.3742;;;;;LOCAL;;;default/;
152;Berliner Luft;;;item;2.5;;SHOTS;Menu/Shots,Order Anywhere/Shots;Berliner Luft;BLUE;;0.2014;;;;;LOCAL;;;default/;
153;Sambuca;;;item;2.5;;SHOTS;Menu/Shots,Order Anywhere/Shots;Sambuca;BLUE;;0.3534;;;;;LOCAL;;;default/;
154;Jameson - shot;;;item;3.0;;SHOTS;Menu/Shots,Order Anywhere/Shots;Jameson;BLUE;;0.4880;;;;;LOCAL;;;default/;
155;Disaronno - Amaretto;;;item;2.5;;SHOTS;Menu/Shots,Order Anywhere/Shots;Disaronno;BLUE;;0.3794;;;;;LOCAL;;;default/;
156;Cosmopolitan;;;item;10.0;;Cocktails;Menu/Cocktails,Order Anywhere/Cocktails;Cosmopolitan;BLUE;;1.6386;;;;;LOCAL;;;default/;
158;Espresso Martini;;;item;10.0;;Cocktails;Menu/Cocktails,Order Anywhere/Cocktails;Espresso Martini;BLUE;;1.6386;;;;;LOCAL;;;default/;
159;Tails Berry Mojito;;;item;10.0;;Cocktails;Menu/Cocktails,Order Anywhere/Cocktails;Tails Berry Mojito;BLUE;;2.3719;;;;;LOCAL;;;default/;
160;Paloma;;;item;10.0;;Cocktails;Menu/Cocktails,Order Anywhere/Cocktails;Paloma;BLUE;;2.3163;;;;;LOCAL;;;default/;
161;Thyme of my Life;;;item;10.0;;Cocktails;Menu/Cocktails,Order Anywhere/Cocktails;Thyme of my Life;BLUE;;1.6540;;;;;LOCAL;;;default/;
162;Passion Fruit Margarita;;;item;10.0;;Cocktails;Menu/Cocktails,Order Anywhere/Cocktails;Margharita;BLUE;;2.3163;;;;;LOCAL;;;default/;
163;Negroni;;;item;11.0;;Cocktails;Menu/Cocktails,Order Anywhere/Cocktails;Negroni;BLUE;;1.8294;;;;;LOCAL;;;default/;
164;Off Menu Cocktails;;;item;11.0;;Cocktails;Menu/Cocktails,Order Anywhere/Cocktails;Off Menu Cocktails;BLUE;;;;;;;LOCAL;;;default/;
166;Pina Colada;;;item;10.0;;Cocktails;Menu/Cocktails,Order Anywhere/Cocktails;Pina Colada;BLUE;;1.1931;;;;;LOCAL;;;default/;
167;Slow gin Sour;;;item;11.0;;Cocktails;Menu/Cocktails,Order Anywhere/Cocktails;Slow gin Sour;BLUE;;1.6100;;;;;LOCAL;;;default/;
170;Liquor 43 Mixer;;;item;9.0;;Long Drinks;Menu/Long Drinks,Order Anywhere/Long Drinks;Liquor 43 Mixer;PURPLE;;1.0000;;;;;LOCAL;;;default/;
172;Dark & Stormy;;;item;9.0;;Long Drinks;Menu/Long Drinks,Order Anywhere/Long Drinks;Dark & Stormy;YELLOW;;1.1623;;;;;LOCAL;;;default/;
173;Tennessee Mule;;;item;9.0;;Long Drinks;Menu/Long Drinks,Order Anywhere/Long Drinks;Tennessee Mule;DARK_RED;;1.3411;;;;;LOCAL;;;default/;
174;Jack Apple Lemonade;;;item;9.0;;Long Drinks;Menu/Long Drinks,Order Anywhere/Long Drinks;Jack Apple;GREEN;;1.3251;;;;;LOCAL;;;default/;
175;Jack Rye and Dry;;;item;9.0;;Long Drinks;Menu/Long Drinks,Order Anywhere/Long Drinks;Jack Rye and Dry;BROWN;;1.7194;;;;;LOCAL;;;default/;
176;London Mule;;;item;9.0;;Long Drinks;Menu/Long Drinks,Order Anywhere/Long Drinks;London Mule;WHITE;;1.2808;;;;;LOCAL;;;default/;
177;Peach Vodka;;;item;9.0;;Long Drinks;Menu/Long Drinks,Order Anywhere/Long Drinks;Peach Vodka;ORANGE;;0.8709;;;;;LOCAL;;;default/;
178;Tropical Vodka Lemonade;;;item;9.0;;Long Drinks;Menu/Long Drinks,Order Anywhere/Long Drinks;Tropical Vodka Lemonade;YELLOW;;0.9144;;;;;LOCAL;;;default/;
179;Aperol Spritz;;;item;9.0;;Long Drinks;Menu/Long Drinks,Order Anywhere/Long Drinks;Aperol Spritz;ORANGE;;1.0350;;;;;LOCAL;;;default/;
181;Berry Spritz;;;item;9.0;;Long Drinks;Menu/Long Drinks,Order Anywhere/Long Drinks;Berry Spritz;PINK;;0.5960;;;;;LOCAL;;;default/;
182;Limoncello Spritz;;;item;9.0;;Long Drinks;Menu/Long Drinks,Order Anywhere/Long Drinks;Limoncello Spritz;YELLOW;;1.0726;;;;;LOCAL;;;default/;
183;Lillet Spritz;;;item;9.0;;Long Drinks;Menu/Long Drinks,Order Anywhere/Long Drinks;Lillet Spritz;WHITE;;1.1516;;;;;LOCAL;;;default/;
184;Vodka Lemon;;;item;9.0;;Long Drinks;Menu/Long Drinks,Order Anywhere/Long Drinks;Vodka Lemon;YELLOW;;0.8829;;;;;LOCAL;;;default/;
185;Whiskey and Coke;;;item;9.0;;Long Drinks;Menu/Long Drinks,Order Anywhere/Long Drinks;Whiskey and Coke;BLACK;;1.2240;;;;;LOCAL;;;default/;
186;Whiskey and Ginger Ale;;;item;9.0;;Long Drinks;;Whiskey and Ginger Ale;YELLOW;;1.3280;;;;;LOCAL;;;default/;
187;Campari Orange;;;item;9.0;;Long Drinks;Menu/Long Drinks,Order Anywhere/Long Drinks;Campari Orange;LIGHT_RED;;1.4308;;;;;LOCAL;;;default/;
188;Cuba Libre;;;item;9.0;;Long Drinks;Menu/Long Drinks,Order Anywhere/Long Drinks;Cuba Libre;BLACK;;1.1366;;;;;LOCAL;;;default/;
189;Tequila Sunrise;;;item;9.0;;Long Drinks;Menu/Long Drinks,Order Anywhere/Long Drinks;Tequila Sunrise;YELLOW;;1.8121;;;;;LOCAL;;;default/;
190;Moscow Mule;;;item;9.0;;Long Drinks;Menu/Long Drinks,Order Anywhere/Long Drinks;Moscow Mule;YELLOW;;0.8989;;;;;LOCAL;;;default/;
191;Vodka Soda;;;item;8.0;;Long Drinks;Menu/Long Drinks,Order Anywhere/Long Drinks;Vodka Soda;WHITE;;0.7520;;;;;LOCAL;;;default/;
209;Jameson Black 2cl;;;item;5.0;;Whiskey;Menu/Whiskey,Order Anywhere/Whiskey;Jameson Black 2cl;PURPLE;;0.8983;;;;;LOCAL;;;default/;
210;Jameson Black 4cl;;;item;9.0;;Whiskey;Menu/Whiskey,Order Anywhere/Whiskey;Jameson Black 4cl;BLUE;;1.7966;;;;;LOCAL;;;default/;
211;Glenmorangie 2cl;;;item;5.0;;Whiskey;Menu/Whiskey,Order Anywhere/Whiskey;Glenmorangie 2cl;PURPLE;;0.8069;;;;;LOCAL;;;default/;
212;Glenmorangie 4cl;;;item;9.0;;Whiskey;Menu/Whiskey,Order Anywhere/Whiskey;Glenmorangie 4cl;BLUE;;1.6137;;;;;LOCAL;;;default/;
213;Laphroiag 2cl;;;item;6.0;;Whiskey;Menu/Whiskey,Order Anywhere/Whiskey;Laphroiag 2cl;PURPLE;;1.0526;;;;;LOCAL;;;default/;
214;Laphroiag 4cl;;;item;9.5;;Whiskey;Menu/Whiskey,Order Anywhere/Whiskey;Laphroiag 4cl;BLUE;;2.1051;;;;;LOCAL;;;default/;
217;Glenfiddich 2cl;;;item;5.0;;Whiskey;Menu/Whiskey,Order Anywhere/Whiskey;Glenfiddich 2cl;PURPLE;;0.8531;;;;;LOCAL;;;default/;
218;Glenfiddich 4cl;;;item;9.0;;Whiskey;Menu/Whiskey,Order Anywhere/Whiskey;Glenfiddich 4cl;BLUE;;1.7063;;;;;LOCAL;;;default/;
219;Glenkinchie 2cl;;;item;5.0;;Whiskey;Menu/Whiskey,Order Anywhere/Whiskey;Glenkinchie 2cl;PURPLE;;1.0337;;;;;LOCAL;;;default/;
220;Glenkinchie 4cl;;;item;9.0;;Whiskey;Menu/Whiskey,Order Anywhere/Whiskey;Glenkinchie 4cl;BLUE;;2.0674;;;;;LOCAL;;;default/;
221;Talisker 2cl;;;item;4.5;;Whiskey;Menu/Whiskey,Order Anywhere/Whiskey;Talisker 2cl;PURPLE;;0.9614;;;;;LOCAL;;;default/;
222;Talisker 4cl;;;item;8.0;;Whiskey;Menu/Whiskey,Order Anywhere/Whiskey;Talisker 4cl;BLUE;;1.9229;;;;;LOCAL;;;default/;
223;Lagavulin 2cl;;;item;7.0;;Whiskey;Menu/Whiskey,Order Anywhere/Whiskey;Lagavulin 2cl;PURPLE;;1.6400;;;;;LOCAL;;;default/;
224;Lagavulin 4cl;;;item;10.0;;Whiskey;Menu/Whiskey,Order Anywhere/Whiskey;Lagavulin 4cl;BLUE;;3.2700;;;;;LOCAL;;;default/;
225;Jack Daniels 2cl;;;item;2.5;;Whiskey;Menu/Whiskey,Order Anywhere/Whiskey;Jack Daniels 2cl;PURPLE;;0.5178;2.00000;VOLUME;;;LOCAL;;;default/;
226;Jack Daniels 4cl;;;item;4.5;;Whiskey;Menu/Whiskey,Order Anywhere/Whiskey;Jack Daniels 4cl;BLUE;;1.0356;;;;;LOCAL;;;default/;
227;Bulleit 2cl;;;item;3.0;;Whiskey;Menu/Whiskey,Order Anywhere/Whiskey;Bulleit 2cl;PURPLE;;0.6200;;;;;LOCAL;;;default/;
228;Bulleit 4cl;;;item;5.0;;Whiskey;Menu/Whiskey,Order Anywhere/Whiskey;Bulleit 4cl;BLUE;;1.2300;;;;;LOCAL;;;default/;
229;Maker's Mark 2cl;;;item;3.0;;Whiskey;Menu/Whiskey,Order Anywhere/Whiskey;Maker's Mark 2cl;PURPLE;;0.5658;;;;;LOCAL;;;default/;
230;Maker's Mark 4cl;;;item;5.0;;Whiskey;Menu/Whiskey,Order Anywhere/Whiskey;Maker's Mark 4cl;BLUE;;1.1316;;;;;LOCAL;;;default/;
231;Jameson 2cl;;;item;3.0;;Whiskey;Menu/Whiskey,Order Anywhere/Whiskey;Jameson 2cl;PURPLE;;0.4880;;;;;LOCAL;;;default/;
232;Jameson 4cl;;;item;5.0;;Whiskey;Menu/Whiskey,Order Anywhere/Whiskey;Jameson 4cl;BLUE;;0.9760;;;;;LOCAL;;;default/;
233;Salami extra;;;item;1.0;;Food;Menu/Food/Extras,Order Anywhere/Food/Extras;Salami extra;LIGHT_RED;;0.4336;;;;;LOCAL;;;default/;
234;Oliven;;;item;1.0;;Food;Menu/Food/Extras,Order Anywhere/Food/Extras;Oliven;GREEN;;0.2045;;;;;LOCAL;;;default/;
237;Buzzernummer;;;item;0.0;;Food;;Buzzernummer;BLUE;;0.0000;;;;;LOCAL;;;;Buzzer Number
239;mayo & Ketchup;;;item;0.6;;Food;Menu/Food/Extras,Order Anywhere/Food/Extras;mayo & Ketchup;DARK_RED;;0.1737;;;;;LOCAL;;;default/;
240;Vegan Mayo;;;item;0.6;;Food;Menu/Food/Extras,Order Anywhere/Food/Extras;Vegan Mayo;WHITE;;;;;;;LOCAL;;;default/;
241;Garlic Dip;;;item;1.0;;Food;Menu/Food/Extras,Order Anywhere/Food/Extras;Garlic Dip;WHITE;;0.0731;;;;;LOCAL;;;default/;
242;Mayo;;;item;0.6;;Food;Menu/Food/Extras,Order Anywhere/Food/Extras;Mayo;WHITE;;;;;;;LOCAL;;;default/;
243;BBQ;;;item;1.0;;Food;;BBQ;BLUE;;0.0837;;;;;LOCAL;;;default/;
244;Ketchup;;;item;0.6;;Food;Menu/Food/Extras,Order Anywhere/Food/Extras;Ketchup;DARK_RED;;0.0823;;;;;LOCAL;;;default/;
245;Vegan Cheese;;;item;1.0;;Food;Menu/Food/Extras,Order Anywhere/Food/Extras;Vegan Cheese;YELLOW;;1.2940;1.00000;MASS;;;LOCAL;;;default/;
246;Guacamole;;;item;1.0;;Food;Menu/Food/Extras,Order Anywhere/Food/Extras;Guacamole;BLUE;;0.2502;30.00000;MASS;;;LOCAL;;;default/;
247;salsa;;;item;1.0;;Food;Menu/Food/Extras,Order Anywhere/Food/Extras;salsa;BLUE;;;20.00000;MASS;;;LOCAL;;;default/;
248;Sour Cream;;;item;1.0;;Food;Menu/Food/Extras,Order Anywhere/Food/Extras;Sour Cream;BLUE;;0.1089;30.00000;MASS;;;LOCAL;;;default/;
249;Mushrooms;;;item;1.0;;Food;Menu/Food/Extras,Order Anywhere/Food/Extras;Mushrooms;WHITE;;;;;;;LOCAL;;;default/;
250;Jalapeno;;;item;1.0;;Food;Menu/Food/Extras,Order Anywhere/Food/Extras;Jalapeno;DARK_RED;;0.4414;70.00000;MASS;;;LOCAL;;;default/;
251;Dried Tomaotes;;;sub-item;1.0;;Food;Menu/Food/Extras,Order Anywhere/Food/Extras;Dried Tomaotes;DARK_RED;;0.4225;;;;;LOCAL;;;default/;
252;Mozzarella Cheese;;;item;1.0;;Food;Menu/Food/Extras,Order Anywhere/Food/Extras;Mozzarella Cheese;YELLOW;;0.8020;;;;;LOCAL;;;default/;
253;Pepperoni;;;item;1.0;;Food;Menu/Food/Extras,Order Anywhere/Food/Extras;Pepperoni;ORANGE;;0.4236;;;;;LOCAL;;;default/;
254;Capers;;;item;1.0;;Food;Menu/Food/Extras,Order Anywhere/Food/Extras;Capers;GREEN;;;;;;;LOCAL;;;default/;
255;Oat Milk1;;;item;0.0;;Coffee;;Hafer Milch;BLUE;;0.5880;;;;;LOCAL;;;default/;
256;Plantation Dark 2cl;;;item;3.0;;Rum;Menu/Shots,Order Anywhere/Shots;Plantation Dark 2cl;BLUE;;0.4491;;;;;LOCAL;;;default/;
257;Plantation Dark 4cl;;;item;5.5;;Rum;Menu/Shots,Order Anywhere/Shots;Plantation Dark 4cl;BLUE;;0.8983;;;;;LOCAL;;;default/;
258;Plantation 3 Stars 2cl;;;item;3.0;;Rum;Menu/Shots,Order Anywhere/Shots;Plantation 3 Stars 2cl;BLUE;;0.4443;;;;;LOCAL;;;default/;
261;Plantation 3 Stars 4cl;;;item;5.5;;Rum;Menu/Shots,Order Anywhere/Shots;Plantation 3 Stars 4cl;BLUE;;0.8886;;;;;LOCAL;;;;
262;Glühwein 0,2l;;;item;4.5;;Wein;Menu/Wein,Order Anywhere/Wein;Glühwein 0,2l;BLUE;;0.3592;;;;;LOCAL;;;default/;
264;Mimosa;;;item;5.0;;Wein;Menu/Wein,Order Anywhere/Wein;Mimosa;BLUE;;0.3325;;;;;LOCAL;;;default/;
265;Cremant de Loire 0,75 Bottle;;;item;35.0;;Wein;Menu/Wein,Order Anywhere/Wein;Raphael Midoir Cremant Weiss 0,75 Bottle;BLUE;;9.6400;1.00000;VOLUME;;;LOCAL;;;default/;
266;Rose Wein 0,2l;;;item;6.0;;Wein;Menu/Wein,Order Anywhere/Wein;Rose Wein;PINK;;1.4457;;;;;LOCAL;;;default/;
267;Rotwein RIOJA 0,2l;;;item;6.0;;Wein;Menu/Wein,Order Anywhere/Wein;Rotwein RIOJA 0,2l;DARK_RED;;1.4853;;;;;LOCAL;;;default/;
268;Rotwein Cote du Rhone 0,2l;;;item;6.0;;Wein;Menu/Wein,Order Anywhere/Wein;Rotwein Cote du Rhone;DARK_RED;;1.2840;;;;;LOCAL;;;default/;
269;Weisswein Grauburgunder 0,2l;;;item;6.0;;Wein;Menu/Wein,Order Anywhere/Wein;Weisswein Grauburgunder 0,2;WHITE;;1.0760;0.20000;VOLUME;;;LOCAL;;;default/;
270;Weisswein-Schorle;;;item;6.0;;Wein;Menu/Wein,Order Anywhere/Wein;Weisswein-Schorle;WHITE;;0.5966;;;;;LOCAL;;;default/;
275;Cherry Tomatoes;;;sub-item;1.0;;Food;Menu/Food/Extras,Order Anywhere/Food/Extras;Cherry Tomatoes;DARK_RED;;0.5768;;;;;LOCAL;;;;
276;Extra Cheese;;;sub-item;1.0;;Food;;Extra Cheese;BLUE;;0.4010;;;;;LOCAL;;;;
295;Estrella Damm 0,33l Bottle;;;item;4.5;;Alkohol;Menu/Bottle Beers \\/ Cans,Order Anywhere/Bottle Beers \\/ Cans;Estrella Damm 0,33l Bottle;DARK_RED;8410793230133;0.8100;0.33000;VOLUME;;;LOCAL;;;;
302;OBC Strong - 0,33l;;;item;4.5;;Ciders;Menu/Bottle Ciders,Order Anywhere/Bottle Ciders;OBC Strong - 0,33l;BLACK;;1.1000;0.33000;VOLUME;;;LOCAL;;;default/;
303;Pringles Red;;;item;2.5;;Snacks;Menu/Snacks,Order Anywhere/Snacks;Pringles Red;BLUE;;0.7200;1.00000;DIMENSION_LESS;;;LOCAL;;;default/;
304;Pringles Black;;;item;2.5;;Snacks;Menu/Snacks,Order Anywhere/Snacks;Pringles Black;BLUE;;0.7200;1.00000;DIMENSION_LESS;;;LOCAL;;;default/;
305;Pringles Green;;;item;2.5;;Snacks;Menu/Snacks,Order Anywhere/Snacks;Pringles Green;BLUE;;0.7200;1.00000;DIMENSION_LESS;;;LOCAL;;;default/;
306;Pringles Orange;;;item;2.5;;Snacks;Menu/Snacks,Order Anywhere/Snacks;Pringles Orange;BLUE;;0.7200;1.00000;DIMENSION_LESS;;;LOCAL;;;default/;
307;Ultje Nuts Salty;;;item;2.0;;Snacks;Menu/Snacks,Order Anywhere/Snacks;Ultje Nuts Salty;BLUE;;0.6500;1.00000;DIMENSION_LESS;;;LOCAL;;;default/;
308;Ultje Nuts picant;;;item;2.0;;Snacks;Menu/Snacks,Order Anywhere/Snacks;Ultje Nuts picant;BLUE;;0.6500;1.00000;DIMENSION_LESS;;;LOCAL;;;default/;
309;Blueberry Muffin;;;item;3.0;;Snacks;Menu/Snacks,Order Anywhere/Snacks;Blueberry Muffin;BLUE;;1.2600;1.00000;DIMENSION_LESS;;;LOCAL;;;default/;
310;Chocho Muffin;;;item;3.0;;Snacks;Menu/Snacks,Order Anywhere/Snacks;Chocho Muffin;BROWN;;1.2600;1.00000;DIMENSION_LESS;;;LOCAL;;;default/;
311;Pool Table;;;item;;;Divers;Menu/Others,Order Anywhere/Others;Pool Table;BLUE;;0.0000;;;;;LOCAL;;;;
312;Castle shopping bag;;;item;10.0;;accessories;Menu/Others,Order Anywhere/Others;Castle shopping bag;BLUE;;3.3000;;;;;LOCAL;;;;
315;No Tonic;;;item;0.0;;Divers;;No Tonic;BLUE;;0.0000;;;;;LOCAL;;;;
316;Baby guinness;;;item;3.0;;SHOTS;Menu/Shots,Order Anywhere/Shots;Baby guinness;BLUE;;0.4245;;;;;LOCAL;;;;
318;Tap 3 0,3L Quellmalz - Spez. Pils;;;item;3.5;;Tap Craft Beer 0,3L;Menu/Tap Beers/Tap Craft 0\\,3L,Order Anywhere/Tap Beers/Tap Craft 0\\,3L;Tap 3 0,3L Quellmalz - Spez. Pils;BLUE;;0.7500;;;;;LOCAL;;;default/;
319;Tap 3 0,5L Quellmalz - Spez. Pils;;;item;5.0;;Tap Craft Beer 0,5L;Menu/Tap Beers/Tap Craft 0\\,5L,Order Anywhere/Tap Beers/Tap Craft 0\\,5L;Tap 3 0,5L Quellmalz - Spez. Pils;BLUE;;1.0900;;;;;LOCAL;;;default/;
324;T-shirt;;;item;15.0;;Divers;Menu/Others,Order Anywhere/Others;T-shirt;BLUE;;;;;;;LOCAL;;;;
326;Campari Spritz;;;item;9.0;;Long Drinks;Menu/Long Drinks,Order Anywhere/Long Drinks;Campari Spritz;LIGHT_RED;;1.1554;;;;;LOCAL;Campari Spritz;;default/;
329;Schöfferhofer Hefe Bottle 0,5L;;;item;4.5;;Alkohol;Menu/Bottle Beers \\/ Cans,Order Anywhere/Bottle Beers \\/ Cans;Schöfferhofer Hefe Bottle 0,5L;ORANGE;4053400001159;0.9100;0.50000;VOLUME;;;LOCAL;Schöfferhofer Hefe Bottle 0,5L;;default/;
330;Castle glass 0.3;;;item;7.0;;Divers;Menu/Others,Order Anywhere/Others;Castle glass 0.3;BLUE;;3.5000;;;;;LOCAL;;;default/;
331;Castle glass 0.5;;;item;11.0;;Divers;Menu/Others,Order Anywhere/Others;Castle glass 0.5;BLUE;;2.5000;;;;;LOCAL;;;default/;
336;Moccha;;;item;4.5;;Coffee;Menu/Coffee,Order Anywhere/Coffee;Moccha;BLUE;;;;;;;LOCAL;;;;
339;Jack Daniel's - Rye 4 cl;;;item;4.5;;Whiskey;Menu/Whiskey,Order Anywhere/Whiskey;Jack Daniel's - Rye 0,4cl;BLUE;;1.4500;2.00000;VOLUME;;;LOCAL;;;;
340;Jack Daniel's - Rye 2 cl;;;item;2.5;;Whiskey;Menu/Whiskey,Order Anywhere/Whiskey;Jack Daniel's - Rye 2 cl;BLUE;;0.7300;;;;;LOCAL;Jack Daniel's - Rye 2 cl;;;
344;Tap 14 0,3l Straßenbräu - Techno Therapy;;;item;7.0;;Tap Craft Beer 0,3L;;Tap 14 0,3l Straßenbräu - Techno Therapy;BLUE;;1.2495;;;;;LOCAL;Tap 12 0,3l Hopscor - Neipa 200824;;default/;
345;Tap 14 0,5l Straßenbräu - Techno Party 230125;;;item;8.5;;Tap Craft Beer 0,5L;;Tap 14 0,5l Straßenbräu - Techno Therapy;BLUE;;2.0825;;;;;LOCAL;Tap 12 0,5l Hopscor - Neipa 200824;;default/;
346;pizza dough;;;item;5.56;;Food;;pizza dough;BLUE;;0.5886;1.00000;DIMENSION_LESS;;;LOCAL;;;default/;
347;FP Mozzarella gerieben 40% - 1kg;;;item;0.0;;Food;;recipe-Mozarella - 2KG;BLUE;;8.0200;1.00000;MASS;;;LOCAL;;;default/;
348;Pizza Sauce - Citadel Portugal - 4200g;;;item;0.0;;Food;;tomato sauce - 4.1Kg;BLUE;;9.4100;4.20000;MASS;;;LOCAL;;;default/;
349;Recipe - Cherry Tomatos - 70 G;;;item;0.0;;Food;;Recipe - Cherry Tomatos - 70 G;BLUE;;0.3000;;;;;LOCAL;;;;
350;Sloe Gin Fizz;;;item;11.0;;Cocktails;Menu/Cocktails,Order Anywhere/Cocktails;Sloe Gin Fizz;BLUE;;1.5763;;;;;LOCAL;;;;
351;Weiss Wein - Grauburgunder 1l;;;item;27.0;;Wein;Menu/Wein,Order Anywhere/Wein;Weiss Wein - Grauburgunder 1l;BLUE;;5.3800;1.00000;VOLUME;;;LOCAL;;;;
352;Brandenburger Quell Classic - 0,7l Flasche;;;item;0.0;;Mixers;;Brandenburger Quell classic;BLUE;;0.4100;0.70000;VOLUME;;;LOCAL;;;;
354;Citadelle Gin - 0,7l Flasche;;;item;0.0;;Spirit Bottles;;citadelle Gin 0,7 Flasche;BLUE;;20.9000;0.70000;VOLUME;;;LOCAL;;;;
355;Larios Rose Gin - 0.7l Flasche;;;item;0.0;;Spirit Bottles;;Larios Rose Gin 0.7l - Flasche;BLUE;;12.1300;0.70000;VOLUME;;;LOCAL;;;;
356;Jack Daniels - 1l Flasche;;;item;0.0;;Whiskey Bottles;;Jack daniels 1l - Flasche;BLUE;;25.8900;1.00000;VOLUME;;;LOCAL;;;;
357;Bulleit Whiskey - 0.7l Flasche;;;item;0.0;;Whiskey Bottles;;Bulleit Whiskey;BLUE;;21.9700;0.70000;VOLUME;;;LOCAL;;;;
358;Jameson - 0.7l Flasche;;;item;0.0;;Whiskey Bottles;;Jameson 1l - Flasche;BLUE;;17.0800;0.70000;VOLUME;;;LOCAL;;;;
359;Jameson BLACK - 0,7l Flasche;;;item;0.0;;Whiskey Bottles;;jameson BLACK 0.7l - Flasche;BLUE;;31.4400;0.70000;VOLUME;;;LOCAL;;;;
360;Berliner Luft 1l - Flasche;;;item;0.0;;Spirit Bottles;;Berliner Luft 1l - Flasche;BLUE;;10.0700;1.00000;VOLUME;;;LOCAL;;;;
361;Brlo Cider - Rose;;;item;4.5;;Ciders;Menu/Bottle Ciders,Order Anywhere/Bottle Ciders;Brlo Cider - Rose;PINK;4260402631646;1.4500;0.33000;VOLUME;;;LOCAL;Brlo Cider - Rose;;default/;
363;Brlo Cider - Classic Apple;;;item;4.5;;Ciders;Menu/Bottle Ciders,Order Anywhere/Bottle Ciders;Brlo Cider - Classic Apple;YELLOW;4260402631622;1.4500;0.33000;VOLUME;;;LOCAL;Brlo Cider - Classic Apple;;default/;
364;Brlo - HELLES 0,33L;;;item;4.5;;Alkohol;Menu/Bottle Beers \\/ Cans,Order Anywhere/Bottle Beers \\/ Cans;Brlo HELLES - 0,33l;WHITE;4260402630014;1.1600;0.33000;VOLUME;;;LOCAL;Brlo HELLES -  0,33l;;default/;
365;Plantation DARK Rum - 0.7l Flasche;;;item;0.0;;Spirit Bottles;;Plantation Rum 0.7l - Flasche;BLUE;;15.7200;0.70000;VOLUME;;;LOCAL;;;;
366;Plantation 3 star Rum - 0.7l Flasche;;;item;0.0;;Spirit Bottles;;Plantation 3 star Rum 0.7l - Flasche;BLUE;;15.5500;0.70000;VOLUME;;;LOCAL;Plantation 3 star Rum 0.7l - Flasche;;;
367;Thomas Henry - Spicy Ginger - 1l Flasche;;;item;0.0;;Mixers;;Fever Tree Ginger Beer;BLUE;;1.7600;1.00000;VOLUME;;;LOCAL;;;;
368;Magners Original - 0.568l;;;item;7.0;;Ciders;Menu/Bottle Ciders,Order Anywhere/Bottle Ciders;Magners Original - 0.568l;YELLOW;5391516871389;2.1800;0.56800;VOLUME;;;LOCAL;Copy of Magners;;default/;
369;Magners Berry - 0.568l;;;item;7.0;;Ciders;Menu/Bottle Ciders,Order Anywhere/Bottle Ciders;Magners Berry - 0.568l;DARK_RED;5391516874144;2.1800;0.56800;VOLUME;;;LOCAL;Magners Berry - 0.568l;;default/;
370;Magners Pear - 0.568l;;;item;7.0;;Ciders;Menu/Bottle Ciders,Order Anywhere/Bottle Ciders;Magners Pear - 0.568l;GREEN;5391516871655;2.1800;0.56800;VOLUME;;;LOCAL;Magners Pair - 0.568l;;default/;
371;Rauch Orangensaft - 1l Flasche;;;item;0.0;;Mixers;;Dietz Orangensaft;BLUE;;3.3300;1.00000;VOLUME;;;LOCAL;;;;
372;Frizzante HM - Prosecco 0,75l;;;item;28.0;;Wein;Menu/Wein,Order Anywhere/Wein;Prosecco Bottle 0,75l;BLUE;;2.4900;0.75000;VOLUME;;;LOCAL;;;;
373;Aperol - 1l;;;item;0.0;;Spirit Bottles;;Aperol - 1l;BLUE;;16.1100;1.00000;VOLUME;;;LOCAL;;;;
374;Bulmers Original - 0,5l;;;item;7.0;;Ciders;Menu/Bottle Ciders,Order Anywhere/Bottle Ciders;Bulmers Originial - 0,5l;BLUE;5411718910973;1.8700;0.50000;VOLUME;;;LOCAL;;;default/;
375;Bulmers Red Berries - 0,5l;;;item;7.0;;Ciders;Menu/Bottle Ciders,Order Anywhere/Bottle Ciders;Bulmers Red Berries - 0,5l;DARK_RED;5411718910997;1.8700;0.50000;VOLUME;;;LOCAL;;;default/;
376;Bulmers Pear - 0,5l;;;item;7.0;;Ciders;Menu/Bottle Ciders,Order Anywhere/Bottle Ciders;Bulmers Pear - 0,5l;BLUE;5411718911017;1.8700;0.50000;VOLUME;;;LOCAL;;;default/;
377;OBC Classic - 0,33l;;;item;4.5;;Ciders;Menu/Bottle Ciders,Order Anywhere/Bottle Ciders;OBC Classic - 0,33l;GREEN;4260191730032;1.1000;0.33000;VOLUME;;;LOCAL;Copy of OBC Strong - 0,33l;;default/;
378;Somersby Blackberry Cider - 0,33l;;;item;4.5;;Ciders;Menu/Bottle Ciders,Order Anywhere/Bottle Ciders;Somersby Blackberry Cider - 0,33l;BLACK;42253129;1.3200;0.33000;VOLUME;;;LOCAL;;;default/;
379;Somersby Apple cider - 0,33l;;;item;4.5;;Ciders;Menu/Bottle Ciders,Order Anywhere/Bottle Ciders;Somersby Apple cider - 0,33l;GREEN;42253051;1.3200;0.33000;VOLUME;;;LOCAL;;;default/;
380;Somersby Mango & Lime - 0,33l;;;item;4.5;;Ciders;Menu/Bottle Ciders,Order Anywhere/Bottle Ciders;Somersby Mango & Like - 0,33l;YELLOW;42359746;1.2200;0.33000;VOLUME;;;LOCAL;;;default/;
382;Glenfiddich Sing. Malt 12 - 0.7l Flasche;;;item;;;Whiskey Bottles;;Glenfiddich Sing. Malt 12 - 0.7l Flasche;BLUE;;29.8600;0.70000;VOLUME;;;LOCAL;;;default/;
383;Glenkinchie 12J - 0.7l Flasche;;;item;;;Whiskey Bottles;;Glenkinchie 12J - 0.7l Flasche;BLUE;;36.9500;0.70000;VOLUME;;;LOCAL;;;default/;
384;Glenmorangie 10j - 0.7l Flasche;;;item;;;Whiskey Bottles;;Glenmorangie 10j - 0.7l Flasche;BLUE;;28.2400;0.70000;VOLUME;;;LOCAL;;;default/;
385;Lagavulin 8J - 0,7l Flasche;;;item;;;Whiskey Bottles;;lagvulin 8J - 0.7l Flasche;BLUE;;57.2300;0.70000;VOLUME;;;LOCAL;;;default/;
386;Laphroaig 10J - 0,7l Flasche;;;item;;;Whiskey Bottles;;Laphroaig 10J - 0.7l Flasche;BLUE;;36.8400;0.70000;VOLUME;;;LOCAL;;;default/;
387;Talisker 10J - 0,7l Flasche;;;item;;;Whiskey Bottles;;Talisker 10J - 0.7l Flasche;BLUE;;33.6500;0.70000;VOLUME;;;LOCAL;;;default/;
388;Maker's Mark - 1l Flasche;;;item;0.0;;Whiskey Bottles;;Maker's Mark - 1l Flasche;BLUE;;28.2900;1.00000;VOLUME;;;LOCAL;;;;
389;Beefeater - 1l Flasche;;;item;;;Spirit Bottles;;beefeater - 1l Flasche;BLUE;;21.2600;1.00000;VOLUME;;;LOCAL;;;default/;
390;Bombay Saphire - 1l Flasche;;;item;;;Spirit Bottles;;Bombay Saphire - 1l Flasche;BLUE;;24.8600;1.00000;VOLUME;;;LOCAL;;;default/;
391;Botanist - 0.7l Flasche;;;item;;;Spirit Bottles;;Botanist - 0.7l Flasche;BLUE;;27.8300;0.70000;VOLUME;;;LOCAL;;;default/;
392;Bulldog - 0.7l Flasche;;;item;;;Spirit Bottles;;Bulldog - 0.7l Flasche;BLUE;;19.9100;0.70000;VOLUME;;;LOCAL;;;default/;
393;Gin Mare - 0.7l Flasche;;;item;;;Spirit Bottles;;Mare - 0.7l Flasche;BLUE;;32.9700;0.70000;VOLUME;;;LOCAL;;;default/;
394;Danish Crown Professional Halal Salami - 1kg;;;item;0.0;;Food;;1000g ARO Pizza-Salami Classic;BLUE;;10.8400;1000.00000;MASS;;;LOCAL;;;;
395;Henkelmann Peperonisalami, fein gekörnt - 1kg;;;item;0.0;;Food;;1000g ARO Pizza-Pepperoni Classic;BLUE;;10.5900;1000.00000;MASS;;;LOCAL;1000g ARO Pizza-Pepperoni  Classic;;;
399;Dietz Tomatensaft - 1l Flasche;;;item;;;Mixers;;Dietz Tomatensaft - 1l Flasche;BLUE;;1.3900;1.00000;VOLUME;;;LOCAL;;;default/;
400;Sangrita Picante - 0.5l Flasche;;;item;;;Mixers;;Sangrita Picante - 0.5l Flasche;BLUE;;2.7300;500.00000;VOLUME;;;LOCAL;;;default/;
401;Tabasco - 60 ml Flasche;;;item;;;Divers;;Tabasco - 60 ml Flasche;BLUE;;2.8400;60.00000;VOLUME;;;LOCAL;;;default/;
402;Wodka HM - 1l Flasche;;;item;;;Spirit Bottles;;Haskowitch Wodka - 1l Flasche;BLUE;;9.1800;1.00000;VOLUME;;;LOCAL;;;default/;
403;Mexicaner - Batch - 2.86l;;;item;;;SHOTS;;Mexicaner - Batch - 2.86l;BLUE;;17.1390;2.86000;VOLUME;;;LOCAL;;;default/;
404;Rotwein - Cote du Rhone Momm. 1l Flasche;;;item;27.0;;Wein;Menu/Wein,Order Anywhere/Wein;Rotwein - Cote du Rhone 1l;BLUE;;6.4200;1.00000;VOLUME;;;LOCAL;;;;
405;Rotwein - RIOJA Valde. Tinto 0,75l Flasche;;;item;18.9;;Wein;Menu/Wein,Order Anywhere/Wein;Rotwein - El Coto Rosado RIOJA 0,75l Flasche;BLUE;;5.5700;0.75000;VOLUME;;;LOCAL;;;;
406;Flying Solo Rose Gayda - Rose 0,75l Flasche;;;item;0.0;;Wein;;Corsaire Rosewein - Rose 0,75l Flasche;BLUE;;5.0600;0.70000;VOLUME;;;LOCAL;;;;
407;Thomas Henry - Ginger Ale - 1l Flasche;;;item;0.0;;Mixers;;Fever Tree Ginger Ale 0,75l Flasche;BLUE;;1.7600;1.00000;VOLUME;;;LOCAL;;;;
408;Fever Tree Wild Berry - 0,75l Flasche;;;item;0.0;;Mixers;;Fever Tree Wild Berry 0,75l Flasche;BLUE;;1.9800;0.75000;VOLUME;;;LOCAL;;;;
409;Sprite PET - 1l Flasche;;;item;0.0;;Mixers;;Sprite 1l Flasche;BLUE;;1.2400;1.00000;VOLUME;;;LOCAL;;;;
410;Coca-Cola PET - 1l Flasche;;;item;0.0;;Mixers;;Coca-Cola PET 1l Flasche;BLUE;;1.2400;1.00000;VOLUME;;;LOCAL;;;;
411;Dietz Ananassaft - 1l Flasche;;;item;0.0;;Mixers;;Dietz Ananassaft 1l Flasche;BLUE;;2.0300;1.00000;VOLUME;;;LOCAL;;;;
412;Baileys Irish Cream - 1l Flasche;;;item;0.0;;Spirit Bottles;;Baileys Irish Cream 1l Flasche;BLUE;;17.6600;1.00000;VOLUME;;;LOCAL;;;;
413;Tequila Olmeca Silver - 0,7l Flasche;;;item;0.0;;Spirit Bottles;;Tequila Olmeca Silver 0,7l;BLUE;;22.9700;0.70000;VOLUME;;;LOCAL;;;;
415;Jägermeister 35% - 1l Flasche;;;item;0.0;;Spirit Bottles;;Jägermeister 35% 1l Flasche;BLUE;;18.7100;1.00000;VOLUME;;;LOCAL;;;;
416;Sambuca Ramazzotti 38% - 0,7l Flasche;;;item;0.0;;Spirit Bottles;;Sambuca Ramazzotti 38% 0,7l Flasche;BLUE;;12.3700;0.70000;VOLUME;;;LOCAL;;;;
417;Lillet Blanc Weinaperitif - 0,75l Flasche;;;item;0.0;;Spirit Bottles;;Lillet Blanc Weinaperitif 0,75l;BLUE;;14.2700;0.75000;VOLUME;;;LOCAL;;;;
418;Kahlua Coffee Liqueur - 0,7l Flasche;;;item;0.0;;Spirit Bottles;;Kahlua Coffee Liqueur - 0,7l Flasche;BLUE;;15.6900;0.70000;VOLUME;;;LOCAL;;;;
419;Limoncello Ramazzotti - 1l Flasche;;;item;0.0;;Spirit Bottles;;Limoncello Ramazzotti - 1l Flasche;BLUE;;17.0500;1.00000;VOLUME;;;LOCAL;;;;
420;Campari - 1l Flasche;;;item;0.0;;Spirit Bottles;;Campari - 1l Flasche;BLUE;;19.1200;1.00000;VOLUME;;;LOCAL;;;;
421;Vermouth Punt E Mes - 0,75l Flasche;;;item;0.0;;Spirit Bottles;;Vermouth Punt E Mes - 0,75l Flasche;BLUE;;13.9800;0.75000;VOLUME;;;LOCAL;;;;
422;Disaronno Amaretto - 1l Flasche;;;item;0.0;;Spirit Bottles;;Disaronno Amaretto - 0,7l Flasche;BLUE;;19.0300;1.00000;VOLUME;;;LOCAL;;;;
423;Pitu Cachaca - 1l Flasche;;;item;0.0;;Spirit Bottles;;Pitu Cachaca - 1l Flasche;BLUE;;15.1100;1.00000;VOLUME;;;LOCAL;;;;
424;Bols Peach - 0,7l Flasche;;;item;0.0;;Spirit Bottles;;Bols Peach - 0,7l Flasche;BLUE;;10.6900;0.70000;VOLUME;;;LOCAL;;;;
425;Cointreau - 0.7l Flasche;;;item;0.0;;Spirit Bottles;;Cointreau - 1l Flasche;BLUE;;16.2500;0.70000;VOLUME;;;LOCAL;;;;
426;Barracuda Spiced Rum - 0,7l Flasche;;;item;0.0;;Spirit Bottles;;Barracuda Spiced Rum - 0,7l Flasche;BLUE;;14.9900;0.70000;VOLUME;;;LOCAL;;;;
427;Hayman's Sloe Gin - 0,7l Flasche;;;item;0.0;;Spirit Bottles;;Hayman's Sloe Gin - 0,7l Flasche;BLUE;;24.1000;0.70000;VOLUME;;;LOCAL;;;;
428;Hendrick's Gin - 0,7l Flasche;;;item;0.0;;Spirit Bottles;;Hendrick's Gin - 0,7l Flasche;BLUE;;27.4700;0.70000;VOLUME;;;LOCAL;;;;
429;Illusionist Dry Gin - 0,5l Flasche;;;item;0.0;;Spirit Bottles;;Illusionist Dry Gin - 0,5l Flasche;BLUE;;30.9400;0.50000;VOLUME;;;LOCAL;;;;
430;Illusionist Masquerade alkoholfrei - 0,5l Flasche;;;item;0.0;;Spirit Bottles;;Illusionist Masquerade alkoholfrei - 0,5l Flasche;BLUE;;17.9100;0.50000;VOLUME;;;LOCAL;;;;
431;Inverroche Amber - 0,7l Flasche;;;item;0.0;;Spirit Bottles;;Inverroche Amber - 0,7l Flasche;BLUE;;28.9100;0.70000;VOLUME;;;LOCAL;;;;
432;Mampe Gin - 0,7l Flasche;;;item;0.0;;Spirit Bottles;;Mampe Gin - 0,7l Flasche;BLUE;;11.3800;0.70000;VOLUME;;;LOCAL;;;;
433;Martin Millers - 0,7l Flasche;;;item;0.0;;Spirit Bottles;;Martin Millers - 0,7l Flasche;BLUE;;20.4400;0.70000;VOLUME;;;LOCAL;;;;
434;Monkey 47 Dry - 0,5l Flasche;;;item;0.0;;Spirit Bottles;;Monkey 47 Dry - 0,5l Flasche;BLUE;;32.6100;0.50000;VOLUME;;;LOCAL;;;;
435;Roku Gin - 0,7l Flasche;;;item;0.0;;Spirit Bottles;;Roku Gin - 0,7l Flasche;BLUE;;24.2200;0.70000;VOLUME;;;LOCAL;;;;
436;Siegfried Rheinland Dry - 0,5l Flasche;;;item;0.0;;Spirit Bottles;;Siegfried Rheinland Dry - 0,5l Flasche;BLUE;;26.4100;0.50000;VOLUME;;;LOCAL;;;;
437;Siegfried Wonderleaf Afrei - 0,5l Flasche;;;item;0.0;;Spirit Bottles;;Siegfried Wonderleaf Afrei - 0,5l Flasche;BLUE;;16.3600;0.50000;VOLUME;;;LOCAL;;;;
438;Sipsmith London Dry - 0,7l Flasche;;;item;0.0;;Spirit Bottles;;Sipsmith London Dry - 0,7l Flasche;BLUE;;20.9300;0.70000;VOLUME;;;LOCAL;;;;
439;Gin Sul - 0,5l Flasche;;;item;0.0;;Spirit Bottles;;Gin Sul - 0,5l Flasche;BLUE;;29.4500;0.50000;VOLUME;;;LOCAL;;;;
440;Tanqueray Dry - 1l Flasche;;;item;0.0;;Spirit Bottles;;Tanqueray Dry - 1l Flasche;BLUE;;23.2200;1.00000;VOLUME;;;LOCAL;;;;
441;Tanqueray 0.0% - 0,7l Flasche;;;item;0.0;;Spirit Bottles;;Tanqueray 0.0% - 0,7l Flasche;BLUE;;16.5100;0.70000;VOLUME;;;LOCAL;;;;
442;Tanqueray No.10 - 0,7l Flasche;;;item;0.0;;Spirit Bottles;;Tanqueray No.10 - 0,7l Flasche;BLUE;;25.2700;0.70000;VOLUME;;;LOCAL;;;;
443;Grace O'Malley Gin - 0,7l Flasche;;;item;0.0;;Spirit Bottles;;Grace O'Malley Gin - 0,7l Flasche;BLUE;;24.2200;0.70000;VOLUME;;;LOCAL;;;;
444;Jack Daniels Rye - 0,7l Flasche;;;item;0.0;;Whiskey Bottles;;Jack Daniels Rye - 0,7l Flasche;BLUE;;25.4700;0.70000;VOLUME;;;LOCAL;;;;
445;Gentleman Jack - 0,7l Flasche;;;item;0.0;;Whiskey Bottles;;Gentleman Jack - 0,7l Flasche;BLUE;;22.9600;0.70000;VOLUME;;;LOCAL;;;;
446;Jack Daniels Fire - 0,7l Flasche;;;item;0.0;;Whiskey Bottles;;Jack Daniels Fire - 0,7l Flasche;BLUE;;18.8500;0.70000;VOLUME;;;LOCAL;;;;
447;Jack Daniels Honey - 0,7l Flasche;;;item;0.0;;Whiskey Bottles;;Jack Daniels Honey - 0,7l Flasche;BLUE;;18.8500;0.70000;VOLUME;;;LOCAL;;;;
448;Jack Daniels Apple - 0,7l Flasche;;;item;0.0;;Whiskey Bottles;;Jack Daniels Apple - 0,7l Flasche;BLUE;;18.8500;0.70000;VOLUME;;;LOCAL;;;;
449;Cow Milk - H-Milch 3.5% - 1l flasche;;;item;0.0;;Coffee;;Cow Milk - Weihenstephan Barista H-Milch - 1l flasche;BLUE;;1.1300;1.00000;VOLUME;;;LOCAL;;;;
450;Oat Milk Oatly Barista - 1l Flasche;;;item;0.0;;Coffee;;Oat Milk Oatly Barista - 1l Flasche;BLUE;;1.9600;1.00000;VOLUME;;;LOCAL;;;;
451;Rioba Karamell Syrup 0.7l Flasche;;;item;0.0;;Coffee;;Rioba Karamell Syrup 0.7l Flasche;BLUE;;5.3500;0.70000;VOLUME;;;LOCAL;;;;
452;Monin Chai Tea Sirup - 0,7l Flasche;;;item;0.0;;Coffee;;Monin Chai Tea Sirup - 0,7l Flasche;BLUE;;8.1000;0.70000;VOLUME;;;LOCAL;;;;
453;Giffard Haselnusssirup - 1l Flasche;;;item;0.0;;Coffee;;Giffard Haselnusssirup - 1l Flasche;BLUE;;8.1900;1.00000;VOLUME;;;LOCAL;;;;
455;Bedda for Pizza vegan Reibekäse 1kg;;;item;0.0;;Food;;Violife Vegan Mozzarella - 1kg;BLUE;;12.9400;1.00000;MASS;;;LOCAL;;;;
456;TK GIA Pizzateigkugel 35x300g;;;item;0.0;;Food;;POINT OF FOOD Pizzateig 10 stuck 300g - 3kg;BLUE;;20.6000;10.50000;MASS;;;LOCAL;;;;
457;TK Aviko Spicy Jacket Wedges - 2.5kg;;;item;0.0;;Food;;METRO Spicy Wedges - 2.5kg;BLUE;;5.8600;2.50000;MASS;;;LOCAL;;;;
458;Wanted Tortilla Chips Chili - 450g;;;item;0.0;;Food;;METRO Tortilla Chips Hot - 750g;BLUE;;1.9100;450.00000;MASS;;;LOCAL;;;;
459;METRO Tomato Dip Salsa 1,05kg;;;item;0.0;;Food;;METRO Tomato Dip Salsa 1,05kg;BLUE;;11.4600;1.05000;MASS;;;LOCAL;;;;
460;TK Avocado-Creme, Guacamole Classic - 1kg;;;item;0.0;;Food;;METRO Creamy Dip Guacamole - 1kg;BLUE;;8.3400;1.00000;MASS;;;LOCAL;;;;
461;Apostels Sour Cream - 3kg;;;item;0.0;;Food;;Apostels Sour Cream - 1kg;BLUE;;10.8900;3.00000;MASS;;;LOCAL;;;;
462;METRO Getrocknete Tomaten - 1.7l;;;item;0.0;;Food;;METRO Getrocknete Tomaten - 1.7l;BLUE;;10.2600;1.70000;VOLUME;;;LOCAL;;;;
463;Del Sol Jalapeno Chili - 1700g;;;item;0.0;;Food;;Adria Jalapenos Scheiben - 3kg;BLUE;;10.7200;1700.00000;MASS;;;LOCAL;;;;
464;Oliven, schwarz, in Scheiben - 2350g;;;item;0.0;;Food;;Aro Oliven geschwärzt in Scheiben - 4.25l;BLUE;;9.6100;2350.00000;MASS;;;LOCAL;;;;
465;Champignons 3.Wahl, China - 1930g;;;item;0.0;;Food;;Aro Champignons 3.Wahl - 2.65l;BLUE;;8.0600;1930.00000;MASS;;;LOCAL;;;;
466;SC Tomatenketchup - 875ml;;;item;0.0;;Food;;Aro Tomatenketchup - 875g;BLUE;;2.8800;875.00000;VOLUME;;;LOCAL;;;;
467;SC Salatmayonnaise 50% - 875ml;;;item;0.0;;Food;;Aro Delikatess Mayonnaise - 500ml;BLUE;;3.2000;875.00000;VOLUME;;;LOCAL;;;;
468;Homann Vegane Mayonnaise - 875ml;;;item;0.0;;Food;;Homann Vegane Mayonnaise - 875ml;BLUE;;7.4200;;;;;LOCAL;;;;
469;Mississippi BBQ Sauce - 1814g;;;item;0.0;;Food;;Mississippi BBQ Sauce - 1814g;BLUE;;7.5900;1814.00000;MASS;;;LOCAL;;;;
470;O+G Tomaten Cherrytoma. rot 250g;;;item;0.0;;Food;;Datteltomaten, Marokko - 1kg;BLUE;;2.0600;250.00000;MASS;;;LOCAL;;;;
471;TK Beerenmix Extra - 2.5kg;;;item;0.0;;Food;;METRO Beeren-Mix tiefgefroren - 1kg;BLUE;;10.7600;2.50000;MASS;;;LOCAL;;;;
472;TK SC Süßkart.Pommes 12x12mm 2,5kg;;;item;0.0;;Food;;METRO Sweet Potato Fries - 2.5kg;BLUE;;13.0300;2.50000;MASS;;;LOCAL;;;;
473;Frankfurter Spitzkrug Pils 50l;;;item;0.0;;Kegs;;Bergisch Löwen Pils 50l;BLUE;;45.5800;50.00000;VOLUME;;;LOCAL;;;;
474;Quellmalz Dieter Spezial Pils 30l;;;item;0.0;;Kegs;;Quellmalz Dieter Spezial Pils 30l;BLUE;;65.4500;30.00000;VOLUME;;;LOCAL;;;;
476;Guinness Fass 30l;;;item;0.0;;Kegs;;Guinness Fass 30l;BLUE;;98.4700;30.00000;VOLUME;;;LOCAL;;;;
478;Stowford Cider Fass 30l;;;item;0.0;;Kegs;;Stowford Cider Fass 30l;BLUE;;99.9600;30.00000;VOLUME;;;LOCAL;;;;
479;Hopscor IPA - Strassenbräu Castle IPA Fass 50l;;;item;0.0;;Kegs;;Strassenbräu Castle Hopscor IPA Fass 50l;BLUE;;154.7000;50.00000;VOLUME;;;LOCAL;;;;
486;Fuerst Wiacek Landbier 30l;;;item;0.0;;Kegs;;Fuerst Wiacek Landbier 30l;BLUE;;73.7800;30.00000;VOLUME;;;LOCAL;;;;
487;Espresso Martini Glückskultur - 0,75l Flasche;;;item;0.0;;Spirit Bottles;;Espresso Martini Glückskultur - 0,75l Flasche;BLUE;;9.4100;0.75000;VOLUME;;;LOCAL;;;;
488;Passion Fruit Margarita Glückskultur - 0,75l Flasche;;;item;;;Spirit Bottles;;Passion Fruit Margarita Glückskultur - 0,75l Flasche;BLUE;;9.4100;0.75000;VOLUME;;;LOCAL;;;default/;
489;Neukölln Cosmo Glückskultur - 0,75l Flasche;;;item;;;Spirit Bottles;;Neukölln Cosmo Glückskultur - 0,75l Flasche;BLUE;;9.4100;0.75000;VOLUME;;;LOCAL;;;default/;
490;Paloma Glückskultur - 0,75l Flasche;;;item;;;Spirit Bottles;;Paloma Glückskultur - 0,75l Flasche;BLUE;;9.4100;0.75000;VOLUME;;;LOCAL;;;default/;
491;Thyme of my Life Glückskultur - 0,75l Flasche;;;item;;;Spirit Bottles;;Thyme of my Life Glückskultur - 0,75l Flasche;BLUE;;9.4100;0.75000;VOLUME;;;LOCAL;;;default/;
492;Sarti Rosa - 0,70 Flasche;;;item;0.0;;Spirit Bottles;;Sarti Rosa - 0,70 Flasche;BLUE;;15.4200;0.70000;VOLUME;;;LOCAL;;;;
493;Tails Berry Mojito - 1l Flasche;;;item;0.0;;Spirit Bottles;;Tails Berry Mojito - 1l Flasche;BLUE;;17.9900;1.00000;VOLUME;;;LOCAL;;;;
494;Giffard Rohrzucker Sirup - 1l Flasche;;;item;0.0;;Spirit Bottles;;Giffard Rohrzucker Sirup - 1l Flasche;BLUE;;7.0300;1.00000;VOLUME;;;LOCAL;;;;
495;Hopscor Rotbier - Strassenbräu Ziegel Amber Ale 50l;;;item;0.0;;Kegs;;Strassenbräu Ziegel Amber Ale 50l;BLUE;;148.7500;50.00000;VOLUME;;;LOCAL;;;;
496;Augustiner 0.33l;;;item;4.0;;Alkohol;Menu/Bottle Beers \\/ Cans,Order Anywhere/Bottle Beers \\/ Cans;Augustiner 0.33l;BLUE;;0.7900;;;;;LOCAL;;;default/;
498;Tap 7 0,3l - Hopscor - Rotbier;;;item;4.0;;Tap Craft Beer 0,3L;Menu/Tap Beers/Tap Craft 0\\,3L,Order Anywhere/Tap Beers/Tap Craft 0\\,3L;Tap 7 0,3l - Hopscor - Rotbier;BLUE;;0.8925;;;;;LOCAL;;;default/;
499;Tap 7 0,5l - Hopscor - Rotbier;;;item;5.5;;Tap Craft Beer 0,5L;Menu/Tap Beers/Tap Craft 0\\,5L,Order Anywhere/Tap Beers/Tap Craft 0\\,5L;Tap 7 0,5l - Hopscor - Rotbier;BLUE;;1.4875;;;;;LOCAL;;;default/;
508;Absolut Sensations 20% - 1l Flasche;;;item;0.0;;Spirit Bottles;;Absolut Sensations 20% - 1l Flasche;BLUE;;16.6600;1.00000;VOLUME;;;LOCAL;;;;
509;Berliner Berg - Pale Ale 0,33l;;;item;4.5;;Alkohol;Menu/Bottle Beers \\/ Cans,Order Anywhere/Bottle Beers \\/ Cans;Berliner Berg - Pale Ale 0,33l;LIGHT_RED;42329077;1.3400;0.33000;VOLUME;;;LOCAL;Kopie von Berliner Berg 0,33l;;default/;
515;Hopscor Pale Ale - Strassenbräu Sonnenallee 50l;;;item;0.0;;Kegs;;Hopscor Pale Ale - Strassenbräu Sonnenallee 50l;BLUE;;148.7500;50.00000;VOLUME;;;LOCAL;;;;
517;Tonic bottle - 0.2l;;;item;3.0;;Soft Drinks;Menu/Soft Drinks,Order Anywhere/Soft Drinks;Tonic bottle - 0.2l;BLUE;;0.7500;;;;;LOCAL;;;;
518;Red breast - irish whisky - 2 cl;;;item;6.0;;Whiskey;Menu/Whiskey,Order Anywhere/Whiskey;Red breast - irish whisky - 2 CL;BLUE;;;;;;;LOCAL;;;;
522;Coke Mixer;;;item;3.0;;Long Drinks;Menu/Long Drinks,Order Anywhere/Long Drinks;Coke Mixer;BLUE;;0.2480;;;;;LOCAL;;;;
527;Fever Tree - Grapefruit 0,2l;;;item;3.0;;GIN;;Fever Tree - Grapefruit 0,2l;BLUE;;1.1400;0.20000;VOLUME;;;LOCAL;;;;
528;Giffard Grenadinesirup 1l;;;item;0.0;;Spirit Bottles;;Giffard Grenadinesirup 1l;BLUE;;6.7600;1.00000;VOLUME;;;LOCAL;;;;
529;Monin Vanillesirup 1l;;;item;0.0;;Spirit Bottles;;Monin Vanillesirup 1l;BLUE;;8.9800;1.00000;VOLUME;;;LOCAL;;;;
530;Sarti Spritz;;;item;9.0;;Long Drinks;Menu/Long Drinks,Order Anywhere/Long Drinks;Sarti Spritz;BLUE;;1.2717;;;;;LOCAL;;;;
533;No sauce;;;item;0.0;;Food;;No sauce;BLUE;;;;;;;LOCAL;;;;
534;Sirup - 2cl;;;item;0.5;;Coffee;Menu/Coffee,Order Anywhere/Coffee;Sirup - 2cl;BLUE;;0.1700;;;;;LOCAL;;;;
535;Rucola;;;item;1.0;;Food;;Rucola;BLUE;;;;;;;LOCAL;;;;
546;Baileys Hot Chocolade;;;item;6.5;;Coffee;Menu/Coffee,Order Anywhere/Coffee;Baileys Hot Chocolade;BLUE;;0.3532;;;;;LOCAL;Baileys Hot Chocolade;;default/;
547;Singleton apple spritz;;;item;9.0;;Long Drinks;Menu/Long Drinks,Order Anywhere/Long Drinks;Singleton apple spritz;BLUE;;;;;;;LOCAL;;;;
549;Brewdog - Punk IPA Fass 30l;;;item;0.0;;Kegs;;Brewdog - Punk IPA Fass 30l;BLUE;;78.7900;30.00000;VOLUME;;;LOCAL;;;;
550;Hüttenglut Glühwein Klassik 10l;;;item;0.0;;Wein;;Hitzkopf Glühwein Klassik 10l;BLUE;;17.4600;10.00000;VOLUME;;;LOCAL;;;;
559;Tap 1 0,3l - Brewdog - Punk IPA 160325;;;item;5.0;;Tap Craft Beer 0,3L;Order Anywhere/Tap Beers/Tap Craft 0\\,3L;Tap 1 0,3l - Brewdog - Punk IPA;BLUE;;0.9400;;;;;LOCAL;;;;
560;Tap 1 0,5l - Brewdog - Punk IPA 160325;;;item;6.5;;Tap Craft Beer 0,5L;Order Anywhere/Tap Beers/Tap Craft 0\\,5L;Tap 1 0,5l - Brewdog - Punk IPA;BLUE;;1.5600;;;;;LOCAL;;;;
564;O+G Salat Rucola 125g;;;item;0.0;;Food;;Rucola 150g;BLUE;;1.7300;125.00000;MASS;;;LOCAL;;;;
565;Tap 10 0,5l FW - Chela Lager 260325;;;item;5.5;;Tap Craft Beer 0,5L;Menu/Tap Beers/Tap Craft 0\\,5L,Order Anywhere/Tap Beers/Tap Craft 0\\,5L;Tap 10 0,5l FW - Chela Lager;BLUE;;;;;;;LOCAL;;;;
566;Tap 10 0,3l FW - Chela Lager 260325;;;item;4.0;;Tap Craft Beer 0,3L;Menu/Tap Beers/Tap Craft 0\\,3L,Order Anywhere/Tap Beers/Tap Craft 0\\,3L;Tap 10 0,3l FW - Chela Lager;BLUE;;;;;;;LOCAL;;;;
572;Fever Tree - Bitter Lemon 0,2l;;;item;3.0;;GIN;;Fever Tree Bitter Lemon 0,2l;BLUE;;1.1400;;;;;LOCAL;;;;
573;Singleton 12J 0.7l Flasche;;;item;;;Whiskey Bottles;;Singleton 12J 0.7l Flasche;BLUE;;26.1700;0.70000;VOLUME;;;LOCAL;;;;
577;BRLO Happy Pils 30l;;;item;0.0;;Kegs;;BRLO Happy Pils 30l;BLUE;;78.8200;30.00000;VOLUME;;;LOCAL;;;;
578;Aro Champignons 3.Wahl - 4.25l;;;item;0.0;;Food;;Aro Champignons 3.Wahl - 4.25l;BLUE;;11.4100;4.25000;VOLUME;;;LOCAL;;;;
582;Singleton 2cl;;;item;3.5;;Whiskey;Menu/Whiskey,Order Anywhere/Whiskey;Singleton 2cl;BLUE;;0.7500;;;;;LOCAL;;;;
583;Singleton 4cl;;;item;7.0;;Whiskey;Menu/Whiskey,Order Anywhere/Whiskey;Singleton 4cl;BLUE;;1.5000;;;;;LOCAL;;;;
584;Mexikaner Sharing Bottle 250ml;;;item;15.0;;SHOTS;Menu/Shots,Order Anywhere/Shots;Mexikaner Sharing Bottle 250ml;BLUE;;1.4982;;;;;LOCAL;;;;
585;Johnnie Walker Black 2cl;;;item;3.0;;Whiskey;Menu/Whiskey,Order Anywhere/Whiskey;Johnnie Walker Black 2cl;BLUE;;0.6900;;;;;LOCAL;;;;
586;Johnnie Walker Black 4cl;;;item;6.0;;Whiskey;Menu/Whiskey,Order Anywhere/Whiskey;Johnnie Walker Black 4cl;BLUE;;1.3700;;;;;LOCAL;;;;
587;Johnnie Walker Black Flasche 0.7l;;;item;24.03;;Whiskey Bottles;;Johnnie Walker Black Flasche 0.7l;BLUE;;24.0300;0.70000;VOLUME;;;LOCAL;;;;
589;Johnnie & Ginger;;;item;9.0;;Long Drinks;Menu/Long Drinks,Order Anywhere/Long Drinks;Johnnie & Ginger;BLUE;;1.7251;;;;;LOCAL;;;;
590;Jameson & Ginger;;;item;8.0;;Long Drinks;Menu/Long Drinks,Order Anywhere/Long Drinks;Jameson & GInger;BLUE;;1.3280;;;;;LOCAL;;;;
595;Maracuja Caramel 2cl;;;item;2.5;;SHOTS;Menu/Shots,Order Anywhere/Shots;Maracuja Caramel 2cl;BLUE;;0.3144;;;;;LOCAL;;;;
596;Apple Cinnamon 2cl;;;item;2.5;;SHOTS;Menu/Shots,Order Anywhere/Shots;Apple Cinnamon 2cl;BLUE;;0.3144;;;;;LOCAL;;;;
597;Mampe - Popcorn 0,2cl;;;item;3.5;;SHOTS;Menu/Shots,Order Anywhere/Shots;Mampe - Popcorn 0,2cl;BLUE;;0.8500;;;;;LOCAL;;;;
600;Weihenstephan Weissbier 50l;;;item;0.0;;Kegs;;Weihenstephan Weissbier 50l;BLUE;;102.1700;50.00000;VOLUME;;;LOCAL;;;;
601;Apple Cinnamon Glückskultur - 0,75l Flasche;;;item;0.0;;Spirit Bottles;;Apple Cinnamon Glückskultur - 0,75l Flasche;BLUE;;11.7900;0.75000;VOLUME;;;LOCAL;;;;
602;Maracuja Caramel Glückskultur - 0,75l Flasche;;;item;0.0;;Spirit Bottles;;Maracuja Caramel Glückskultur - 0,75l Flasche;BLUE;;11.7900;0.75000;VOLUME;;;LOCAL;;;;
603;Weihenstep. Hefe AF 0,5l;;;item;4.5;;Alkohol;Menu/Bottle Beers \\/ Cans,Order Anywhere/Bottle Beers \\/ Cans;Weihenstep. Hefe AF 0,5l;BLUE;;0.9100;1.00000;DIMENSION_LESS;;;LOCAL;;;;
604;Mampe Vodka - 0.7l Flasche;;;item;0.0;;Spirit Bottles;;Mampe Vodka - 0.7l Flasche;BLUE;;11.1100;0.70000;VOLUME;;;LOCAL;;;;
605;Mampe Popcorn - 0.5l Flasche;;;item;0.0;;Spirit Bottles;;Mampe Popcorn - 0.5l Flasche;BLUE;;21.1300;0.50000;VOLUME;;;LOCAL;;;;
606;Tap 4 0,3l - Maisels Pale Ale 250225;;;item;4.0;;Tap Craft Beer 0,3L;;Tap 4 0,3l - Maisels Pale Ale;BLUE;;0.7800;;;;;LOCAL;;;;
608;Tap 4 0,5l - Maisels Pale Ale 250225;;;item;5.5;;Tap Craft Beer 0,5L;;Tap 4 0,5l - Maisels Pale Ale;BLUE;;1.3000;;;;;LOCAL;;;;
611;Tap 9 0,3l - Adios Amigos - Gorilla 090525;;;item;7.7;;Tap Craft Beer 0,3L;Menu/Tap Beers/Tap Craft 0\\,3L;Tap 9 0,3l - Adios Amigos - Gorilla;BLUE;;1.3700;;;;;LOCAL;;;;
612;Tap 9 0,5l - Adios Amigos - Gorilla 090525;;;item;9.2;;Tap Craft Beer 0,5L;Menu/Tap Beers/Tap Craft 0\\,5L;Tap 9 0,5l - Adios Amigos - Gorilla;BLUE;;2.2900;;;;;LOCAL;;;;
619;Somersby Orange Spritz Cider - 0,33l;;;item;4.5;;Ciders;Menu/Bottle Ciders,Order Anywhere/Bottle Ciders;Somersby Orange Spritz Cider - 0,33l;BLUE;;1.2200;0.33000;VOLUME;;;LOCAL;;;;
631;Tequila Silver HM35% 1l;;;item;0.0;;Spirit Bottles;;Tequila Silver HM35% 1l;BLUE;;14.6900;;;;;LOCAL;;;;
638;Hopscor Beast - Straßenbräu Hommelsap 50l;;;item;0.0;;Kegs;;Hopscor Beast - Straßenbräu Hommelsap 30l;BLUE;;178.5000;50.00000;VOLUME;;;LOCAL;;;;
641;Tap 1 0,3l Landbier - FW 140225;;;item;4.0;;Tap Craft Beer 0,3L;;Tap 1 0,3l Landbier - FW 140225;BLUE;;;;;;;LOCAL;;;;
642;Tap 1 0,5l Landbier - FW 140225;;;item;5.5;;Tap Craft Beer 0,5L;;Tap 1 0,5l Landbier - FW 140225;BLUE;;;;;;;LOCAL;;;;
643;Wildberry Lillet;;;item;9.0;;Long Drinks;Menu/Long Drinks,Order Anywhere/Long Drinks;Wildberry Lillet;BLUE;;1.2891;;;;;LOCAL;;;;
644;Prosecco 0,1l;;;item;4.0;;Wein;Menu/Wein,Order Anywhere/Wein;Prosecco 0,1l;BLUE;;0.3320;;;;;LOCAL;;;;
655;FW Helles Alco Free 0,5l;;;item;6.0;;Alkohol;Menu/Bottle Beers \\/ Cans,Order Anywhere/Bottle Beers \\/ Cans;FW Helles Alco Free 0,5l;BLUE;;1.8900;;;;;LOCAL;;;;
660;Strassenbräu - Techno Therapy 30l;;;item;0.0;;Kegs;;Strassenbräu - Techno Therapy 30l;BLUE;;124.9500;30.00000;VOLUME;;;LOCAL;;;;
661;Ice Tea - Elephant Bay 0,33l;;;item;3.0;;Soft Drinks;Menu/Soft Drinks,Order Anywhere/Soft Drinks;Ice Tea - Elephant Bay 0,33l;PINK;;0.9800;1.00000;DIMENSION_LESS;;;LOCAL;;;;
662;Donut Heart - Vegan;;;item;3.0;;Snacks;Menu/Snacks,Order Anywhere/Snacks;Donut Heart - Vegan;BLUE;;0.8300;52.00000;MASS;;;LOCAL;;;;
663;John-John Crisps;;;item;2.5;;Snacks;Menu/Snacks,Order Anywhere/Snacks;John-John Crisps;BLUE;;0.7200;40.00000;MASS;;;LOCAL;;;;
670;Soft Cookie;;;item;3.0;;Snacks;Menu/Snacks,Order Anywhere/Snacks;Soft Cookie;BLUE;;0.9300;75.00000;MASS;;;LOCAL;;;;
671;Tap 2 0,3L Weihnstephan Helles 110225;;;item;4.5;;Tap Craft Beer 0,3L;Menu/Tap Beers/Tap Craft 0\\,3L,Order Anywhere/Tap Beers/Tap Craft 0\\,3L;Tap 2 0,3L Weihnstephan Helles;BLUE;;0.6112;;;;;LOCAL;;;default/Tap Craft Beer 0\,3L;
672;Tap 2 0,5L Weihnstephan Helles 110225;;;item;6.0;;Tap Craft Beer 0,5L;Menu/Tap Beers/Tap Craft 0\\,5L,Order Anywhere/Tap Beers/Tap Craft 0\\,5L;Tap 2 0,5L Weihnstephan Helles;BLUE;;1.0187;;;;;LOCAL;;;default/Tap Craft Beer 0\,5L;
673;Weihenstep. Helles 50l;;;item;0.0;;Kegs;;Weihenstep. Helles 50l;BLUE;;101.8700;50.00000;VOLUME;;;LOCAL;;;;
674;Tap 4 0,3l Sabine - Quellmalz 020425;;;item;4.0;;Tap Craft Beer 0,3L;Order Anywhere/Tap Beers/Tap Craft 0\\,3L;Tap 4 0,3l Sabine - Quellmalz;BLUE;;;;;;;LOCAL;;;;
675;Tap 4 0,5l Sabine - Quellmalz 020425;;;item;5.5;;Tap Craft Beer 0,5L;Order Anywhere/Tap Beers/Tap Craft 0\\,5L;Tap 4 0,5l Sabine - Quellmalz;BLUE;;;;;;;LOCAL;;;;
678;Tap 10 0,3l - FW - High Five - 20.02;;;item;6.5;;Tap Craft Beer 0,3L;;Tap 10 0,3l - FW - High Five - 20.02;BLUE;;;;;;;LOCAL;;;default/Tap Craft Beer 0\,3L;
679;Tap 10 0,5l - FW - High Five - 20.02;;;item;8.0;;Tap Craft Beer 0,5L;;Tap 10 0,5l - FW - High Five - 20.02;BLUE;;;;;;;LOCAL;;;default/Tap Craft Beer 0\,5L;
680;Tap 12 0,5l B.berg - Märzen 250225;;;item;6.0;;Tap Craft Beer 0,5L;Order Anywhere/Tap Beers/Tap Craft 0\\,5L;Tap 12 0,5l B.berg - Märzen 250225;BLUE;;;;;;;LOCAL;;;;
681;Tap 12 0,3l B.berg - Märzen 250225;;;item;4.5;;Tap Craft Beer 0,3L;Order Anywhere/Tap Beers/Tap Craft 0\\,3L;Tap 12 0,3l B.berg - Märzen 250225;BLUE;;;;;;;LOCAL;;;;
682;Ostmost Cider 0,33l;;;item;4.5;;Ciders;Menu/Bottle Ciders,Order Anywhere/Bottle Ciders;Ostmost Cider 0,33l;BLUE;;1.3900;0.33000;VOLUME;;;LOCAL;;;;
686;Tap 6 0,3l Strassenbräu - Barley Wine 050325;;;item;9.0;;Tap Craft Beer 0,3L;;Tap 6 0,3l Strassenbräu - Barley Wine 050325;BLUE;;;;;;;LOCAL;;;;
687;Murphys Stout - 30l Fass;;;item;0.0;;Kegs;;Murphys Stout - 30l Fass;BLUE;;100.2400;;;;;LOCAL;;;;
696;Tap 14 0,3l Hopscor - Beast 070325;;;item;6.0;;Tap Craft Beer 0,3L;Menu/Tap Beers/Tap Craft 0\\,3L,Order Anywhere/Tap Beers/Tap Craft 0\\,3L;Tap 14 0,3l Hopscor - Beast 070325;BLUE;;;;;;;LOCAL;;;;
697;Tap 14 0,5l Hopscor - Beast 070325;;;item;7.5;;Tap Craft Beer 0,5L;Menu/Tap Beers/Tap Craft 0\\,5L,Order Anywhere/Tap Beers/Tap Craft 0\\,5L;Tap 14 0,5l Hopscor - Beast 070325;BLUE;;;;;;;LOCAL;;;;
698;Proviant Rhabarber;;;item;3.8;;Soft Drinks;Menu/Soft Drinks,Order Anywhere/Soft Drinks;Proviant Rhabarber;PINK;;1.0700;0.33000;VOLUME;;;LOCAL;;;;
699;focaccia sandwich - Salami;;;item;5.5;;Food;Menu/Food,Order Anywhere/Food;focaccia sandwich - Salami;BLUE;;;;;;;LOCAL;;;default/Food;
700;focaccia sandwich - Veggie;;;item;4.5;;Food;Menu/Food,Order Anywhere/Food;focaccia sandwich - Veggie;BLUE;;;;;;;LOCAL;;;default/Food;
702;Guinness Fass 50l;;;item;0.0;;Kegs;;Guinness 50l;BLUE;;164.3700;50.00000;VOLUME;;;LOCAL;;;;
703;Tap 10 0,3l Berlin Brewing - End of the World 200325;;;item;5.0;;Tap Craft Beer 0,3L;;Tap 10 0,3l Berlin Brewing - End of the World 200325;BLUE;;;;;;;LOCAL;;;;
704;Tap 10 0,5l Berlin Brewing - End of the World 200325;;;item;6.5;;Tap Craft Beer 0,5L;;Tap 10 0,5l Berlin Brewing - End of the World 200325;BLUE;;;;;;;LOCAL;;;;
705;Tap 12 0,3l Crew - Jackpot IPA 160425;;;item;4.7;;Tap Craft Beer 0,3L;;Tap 12 0,3l Crew - Jackpot IPA;BLUE;;;;;;;LOCAL;;;;
706;Tap 12 0,5l Crew - Jackpot IPA 160425;;;item;6.2;;Tap Craft Beer 0,5L;;Tap 12 0,5l Crew - Jackpot IPA;BLUE;;;;;;;LOCAL;;;;
707;Tap 10 0,3l Dream to Remember - Protokoll 220325;;;item;6.4;;Tap Craft Beer 0,3L;;Tap 10 0,3l Dream to Remember - Protokoll 220325;BLUE;;;;;;;LOCAL;;;;
708;Tap 10 0,5l Dream to Remember - Protokoll 220325;;;item;7.9;;Tap Craft Beer 0,5L;;Tap 10 0,5l Dream to Remember - Protokoll 220325;BLUE;;;;;;;LOCAL;;;;
709;Tap 5 0,3l Protokoll - Sour 290325;;;item;6.4;;Tap Craft Beer 0,3L;Order Anywhere/Tap Beers/Tap Craft 0\\,3L;Tap 5 0,3l Protokoll - Sour 290325;BLUE;;;;;;;LOCAL;;;;
710;Tap 5 0,5l Protokoll - Sour 290325;;;item;7.9;;Tap Craft Beer 0,5L;Order Anywhere/Tap Beers/Tap Craft 0\\,5L;Tap 5 0,5l Protokoll - Sour 290325;BLUE;;;;;;;LOCAL;;;;
711;Tap 11 0,3l Orca - IPA 290325;;;item;7.9;;Tap Craft Beer 0,3L;Order Anywhere/Tap Beers/Tap Craft 0\\,3L;Tap 11 0,3l Orca - IPA 290325;BLUE;;;;;;;LOCAL;;;;
712;Tap 11 0,5l Orca - IPA 290325;;;item;9.4;;Tap Craft Beer 0,5L;Order Anywhere/Tap Beers/Tap Craft 0\\,5L;Tap 11 0,5l Orca - IPA 290325;BLUE;;;;;;;LOCAL;;;;
713;Tap 9 0,3l Weiherer - GrischBEERla 290325;;;item;6.9;;Tap Craft Beer 0,3L;Order Anywhere/Tap Beers/Tap Craft 0\\,3L;Tap 9 0,3l Weiherer - GrischBEERla 290325;BLUE;;;;;;;LOCAL;;;;
714;Tap 9 0,5l Weiherer - GrischBEERla 290325;;;item;8.4;;Tap Craft Beer 0,5L;Order Anywhere/Tap Beers/Tap Craft 0\\,5L;Tap 9 0,5l Weiherer - GrischBEERla 290325;BLUE;;;;;;;LOCAL;;;;
716;Berlin Mule;;;item;9.0;;Long Drinks;Menu/Long Drinks;Berlin Mule;BLUE;;;;;;;LOCAL;;;;
717;Vio Schorle 0,25l;;;item;3.0;;Soft Drinks;Menu/Soft Drinks;Vio Schorle 0,25l;BLUE;;0.8500;;;;;LOCAL;;;;
718;Mampe Null Null - 0,7l Flasche;;;item;0.0;;Spirit Bottles;;Mampe Null Null 0,7l;BLUE;;15.2100;0.70000;VOLUME;;;LOCAL;;;;
719;Mampe Halb & Halb - 0,7l Flasche;;;item;0.0;;Spirit Bottles;;Mampe Halb & Halb 0,7l;BLUE;;11.3300;0.70000;VOLUME;;;LOCAL;;;;
720;Tails Espresso Martini - 1l Flasche;;;item;0.0;;Spirit Bottles;;Tails Espresso Martini 1l;BLUE;;17.9900;;;;;LOCAL;;;;
721;FT Mojito;;;item;10.0;;Cocktails;Menu/Cocktails;FT Mojito;BLUE;;;;;;;LOCAL;;;;
722;FT Alco Free Mojito;;;item;10.0;;Cocktails;Menu/Cocktails;FT Alco Free Mojito;BLUE;;;;;;;LOCAL;;;;
723;Twice - Schorle 0,33l;;;item;3.0;;Soft Drinks;Menu/Soft Drinks;Twice - Schorle 0,33l;BLUE;;0.8700;330.00000;VOLUME;;;LOCAL;;;;
724;Tap 6 0,3l Gorilla - Primavera Cero Porter 230425;;;item;7.9;;Tap Craft Beer 0,3L;Menu/Tap Beers/Tap Craft 0\\,3L;Tap 6 0,3l Gorilla - Primavera Cero Porter 230425;BLUE;;;;;;;LOCAL;;;;
725;Tap 6 0,5l Gorilla - Primavera Cero Porter 230425;;;item;9.4;;Tap Craft Beer 0,5L;Menu/Tap Beers/Tap Craft 0\\,5L;Tap 6 0,5l Gorilla - Primavera Cero Porter 230425;BLUE;;;;;;;LOCAL;;;;
726;Raummiete;;;item;;;Divers;Menu/Others;Raummiete;DARK_GRAY;;;;;;;LOCAL;;;;
727;Bräugier - Grenzstein, 0.5l;;;item;5.0;;Tap Craft Beer 0,5L;Menu/Tap Beers/Tap Craft 0\\,5L;Tap 1 - Bräugier - Grenzstein, 0.5l;BLUE;;;;;;;LOCAL;;;default/Tap Craft Beer 0\,5L;
728;Bräugier - Grenzstein, 0.3l;;;item;3.5;;Tap Craft Beer 0,3L;Menu/Tap Beers/Tap Craft 0\\,3L;Tap 1 - Bräugier - Grenzstein, 0.3l;BLUE;;;;;;;LOCAL;;;default/[{;
729;Tap 12 0,3l Únětické pivo 10 270425;;;item;6.1;;Tap Craft Beer 0,3L;Menu/Tap Beers/Tap Craft 0\\,3L;Tap 12 0,3l Únětické pivo 10 270425;BLUE;;;;;;;LOCAL;;;;
730;Tap 12 0,5l Únětické pivo 10 270425;;;item;7.6;;Tap Craft Beer 0,5L;Menu/Tap Beers/Tap Craft 0\\,5L;Tap 12 0,5l Únětické pivo 10 270425;BLUE;;;;;;;LOCAL;;;;
731;Somersby Free (promotion) - 0,33l;;;item;0.0;;Ciders;Menu/Bottle Ciders,Order Anywhere/Bottle Ciders;Somersby Free (promotion) - 0,33l;GREEN;;1.3200;0.33000;VOLUME;;;LOCAL;Somersby  Free (promotion) - 0,33l;;default/;
732;Pimms;;;item;8.0;;Long Drinks;Menu/Long Drinks;Pimms;BLUE;;;;;;;LOCAL;;;;
733;Tap 11 0,3l Bräugier - Pacific Twist Pale 080525;;;item;3.7;;Tap Craft Beer 0,3L;Menu/Tap Beers/Tap Craft 0\\,3L;Tap 11 0,3l Bräugier - Pacific Twist Pale 080525;BLUE;;;;;;;LOCAL;;;;
734;Tap 11 0,5l Bräugier - Pacific Twist Pale 080525;;;item;5.2;;Tap Craft Beer 0,5L;Menu/Tap Beers/Tap Craft 0\\,5L;Tap 11 0,5l Bräugier - Pacific Twist Pale 080525;BLUE;;;;;;;LOCAL;;;;
236;Extras Pizza;;0-*;group;;;;;Extras Pizza;BLUE;;;;;;;LOCAL;;;;
233;;236;;;;;;;;;;;;;;;;;;;
234;;236;;;;;;;;;;;;;;;;;;;
249;;236;;;;;;;;;;;;;;;;;;;
253;;236;;;;;;;;;;;;;;;;;;;
250;;236;;;;;;;;;;;;;;;;;;;
254;;236;;;;;;;;;;;;;;;;;;;
251;;236;;;;;;;;;;;;;;;;;;;
275;;236;;;;;;;;;;;;;;;;;;;
245;;236;;;;;;;;;;;;;;;;;;;
276;;236;;;;;;;;;;;;;;;;;;;
535;;236;;;;;;;;;;;;;;;;;;;
238;Buzzernummer?;;1-1;group;;;;;Buzzernummer?;BLUE;;;;;;;LOCAL;;;;
237;;238;;;;;;;;;;;;;;;;;;;
271;Extras Nachos;;0-*;group;;;;;Extras Nachos;BLUE;;;;;;;LOCAL;;;;
243;;271;;;;;;;;;;;;;;;;;;;
254;;271;;;;;;;;;;;;;;;;;;;
246;;271;;;;;;;;;;;;;;;;;;;
241;;271;;;;;;;;;;;;;;;;;;;
250;;271;;;;;;;;;;;;;;;;;;;
234;;271;;;;;;;;;;;;;;;;;;;
249;;271;;;;;;;;;;;;;;;;;;;
248;;271;;;;;;;;;;;;;;;;;;;
247;;271;;;;;;;;;;;;;;;;;;;
273;Milk;;1-1;group;;;;;Milk;BLUE;;;;;;;LOCAL;;;;
27;;273;;;;;;;;;;;;;;;;;;;
255;;273;;;;;;;;;;;;;;;;;;;
277;Thomas Henry Tonic;;1-1;group;;;;;Thomas Henry Tonic;BLUE;;;;;;;LOCAL;;;;
114;;277;;;;;;;;;;;;;;;;;;;
112;;277;;;;;;;;;;;;;;;;;;;
115;;277;;;;;;;;;;;;;;;;;;;
315;;277;;;;;;;;;;;;;;;;;;;
572;;277;;;;;;;;;;;;;;;;;;;
527;;277;;;;;;;;;;;;;;;;;;;
282;Nachos Extra Free;;1-1;group;0.0;;;;Nachos Extra Free;BLUE;;;;;;;LOCAL;;;;
243;;282;;;;;;;;;;;;;;;;;;;
254;;282;;;;;;;;;;;;;;;;;;;
246;;282;;;;;;;;;;;;;;;;;;;
241;;282;;;;;;;;;;;;;;;;;;;
250;;282;;;;;;;;;;;;;;;;;;;
234;;282;;;;;;;;;;;;;;;;;;;
249;;282;;;;;;;;;;;;;;;;;;;
248;;282;;;;;;;;;;;;;;;;;;;
247;;282;;;;;;;;;;;;;;;;;;;
533;;282;;;;;;;;;;;;;;;;;;;
283;Wedges extras;;0-1;group;0.0;;;;Wedges extras;BLUE;;;;;;;LOCAL;;;;
244;;283;;;;;;;;;;;;;;;;;;;
239;;283;;;;;;;;;;;;;;;;;;;
242;;283;;;;;;;;;;;;;;;;;;;
243;;283;;;;;;;;;;;;;;;;;;;
241;;283;;;;;;;;;;;;;;;;;;;
533;;283;;;;;;;;;;;;;;;;;;;
240;;283;;;;;;;;;;;;;;;;;;;
325;Wedges Extras paid;;0-*;group;;;;;Wedges Extras paid;BLUE;;;;;;;LOCAL;;;;
244;;325;;;;;;;;;;;;;;;;;;;
239;;325;;;;;;;;;;;;;;;;;;;
242;;325;;;;;;;;;;;;;;;;;;;
243;;325;;;;;;;;;;;;;;;;;;;
241;;325;;;;;;;;;;;;;;;;;;;
545;Shots;;1-1;group;0.0;;;;Shots;BLUE;;;;;;;LOCAL;;;;
316;;545;;;;;;;;;;;;;;;;;;;
150;;545;;;;;;;;;;;;;;;;;;;
152;;545;;;;;;;;;;;;;;;;;;;
142;;545;;;;;;;;;;;;;;;;;;;
138;;545;;;;;;;;;;;;;;;;;;;
155;;545;;;;;;;;;;;;;;;;;;;
143;;545;;;;;;;;;;;;;;;;;;;
145;;545;;;;;;;;;;;;;;;;;;;
151;;545;;;;;;;;;;;;;;;;;;;
154;;545;;;;;;;;;;;;;;;;;;;
140;;545;;;;;;;;;;;;;;;;;;;
147;;545;;;;;;;;;;;;;;;;;;;
403;;545;;;;;;;;;;;;;;;;;;;
148;;545;;;;;;;;;;;;;;;;;;;
153;;545;;;;;;;;;;;;;;;;;;;
139;;545;;;;;;;;;;;;;;;;;;;
144;;545;;;;;;;;;;;;;;;;;;;
149;;545;;;;;;;;;;;;;;;;;;;
258;;545;;;;;;;;;;;;;;;;;;;
256;;545;;;;;;;;;;;;;;;;;;;
701;Sandwich;;1-1;group;;;;;Sandwich;BLUE;;;;;;;LOCAL;;;;
699;;701;;;;;;;;;;;;;;;;;;;
700;;701;;;;;;;;;;;;;;;;;;;
7;Affogato;;;combo;4.0;;Coffee;Menu/Coffee,Order Anywhere/Coffee;Affogato;YELLOW;;1.0000;;;;;LOCAL;;;default/Coffee;
8;Americano;;;combo;3.0;;Coffee;Menu/Coffee,Order Anywhere/Coffee;Americano;BLACK;;0.4300;;;;;LOCAL;;;default/;
9;Irish coffee;;;combo;6.0;;Coffee;Menu/Coffee,Order Anywhere/Coffee;Irish coffee;BLUE;;;;;;;LOCAL;;;default/;
273;;9;;;;;;;;;;;;;;;;;;;
12;Espresso Macchiato;;;combo;3.5;;Coffee;Menu/Coffee,Order Anywhere/Coffee;Espresso Macchiato;ORANGE;;0.4000;;;;;LOCAL;;;default/;
273;;12;;;;;;;;;;;;;;;;;;;
13;Cappuccino / Flat White;;;combo;3.5;;Coffee;Menu/Coffee,Order Anywhere/Coffee;Cappuccino / Flat White;ORANGE;;0.4000;;;;;LOCAL;;;default/;
273;;13;;;;;;;;;;;;;;;;;;;
14;Latte Macchiato;;;combo;4.0;;Coffee;Menu/Coffee,Order Anywhere/Coffee;Latte Macchiato;ORANGE;;0.5000;;;;;LOCAL;;;default/;
273;;14;;;;;;;;;;;;;;;;;;;
16;Hot Chocolate;;;combo;3.5;;Coffee;Menu/Coffee,Order Anywhere/Coffee;Hot Chocolate;YELLOW;;0.4000;;;;;LOCAL;;;default/;
273;;16;;;;;;;;;;;;;;;;;;;
17;Mint Hot Chocolate;;;combo;4.0;;Coffee;Menu/Coffee,Order Anywhere/Coffee;Mint Hot Chocolate;BLUE;;0.6000;;;;;LOCAL;;;default/;
273;;17;;;;;;;;;;;;;;;;;;;
18;Chai Latte;;;combo;4.0;;Coffee;Menu/Coffee,Order Anywhere/Coffee;Chai Latte;PURPLE;;0.2314;;;;;LOCAL;;;default/;
273;;18;;;;;;;;;;;;;;;;;;;
19;Cortado;;;combo;3.0;;Coffee;Menu/Coffee,Order Anywhere/Coffee;Cortado;YELLOW;;0.4000;;;;;LOCAL;;;default/;
273;;19;;;;;;;;;;;;;;;;;;;
20;pumpkin spice Latte;;;combo;4.5;;Coffee;Menu/Coffee,Order Anywhere/Coffee;pumpkin Spice Latte;ORANGE;;0.6000;;;;;LOCAL;;;default/;
273;;20;;;;;;;;;;;;;;;;;;;
21;Dirty Chai;;;combo;4.5;;Coffee;Menu/Coffee,Order Anywhere/Coffee;Dirty Chai;BROWN;;0.2314;;;;;LOCAL;;;default/;
273;;21;;;;;;;;;;;;;;;;;;;
22;Caramel Macciato;;;combo;4.5;;Coffee;Menu/Coffee,Order Anywhere/Coffee;Caramel Macciato;ORANGE;;0.6000;;;;;LOCAL;;;default/;
273;;22;;;;;;;;;;;;;;;;;;;
23;Haselnuss Macciato;;;combo;4.5;;Coffee;Menu/Coffee,Order Anywhere/Coffee;Haselnuss Macciato;LIGHT_RED;;0.1784;;;;;LOCAL;;;default/;
273;;23;;;;;;;;;;;;;;;;;;;
24;Mint Macchiato;;;combo;4.5;;Coffee;Menu/Coffee,Order Anywhere/Coffee;Mint Macchiato;GREEN;;0.6000;;;;;LOCAL;;;default/;
273;;24;;;;;;;;;;;;;;;;;;;
25;Baby-Chino;;;combo;1.5;;Coffee;Menu/Coffee,Order Anywhere/Coffee;Baby-Chino;BLUE;;0.1000;;;;;LOCAL;;;default/;
273;;25;;;;;;;;;;;;;;;;;;;
86;Beefeater;;;combo;4.0;;GIN;Menu/Gin,Order Anywhere/Gin;beefeater;PINK;;0.8504;;;;;LOCAL;;;default/;
277;;86;;;;;;;;;;;;;;;;;;;
88;Botanist;;;combo;7.0;;GIN;Menu/Gin,Order Anywhere/Gin;Botanist;WHITE;;1.5903;;;;;LOCAL;;;default/;
277;;88;;;;;;;;;;;;;;;;;;;
89;Bulldog;;;combo;4.5;;GIN;Menu/Gin,Order Anywhere/Gin;Bulldog;BLACK;;1.1469;;;;;LOCAL;;;default/;
277;;89;;;;;;;;;;;;;;;;;;;
90;Citadelle;;;combo;4.5;;GIN;Menu/Gin,Order Anywhere/Gin;Citadelle;CYAN;;1.3646;4.00000;VOLUME;;;LOCAL;;;default/;
277;;90;;;;;;;;;;;;;;;;;;;
93;Grace;;;combo;4.5;;GIN;Menu/Gin,Order Anywhere/Gin;Grace;WHITE;;1.3800;;;;;LOCAL;;;default/;
277;;93;;;;;;;;;;;;;;;;;;;
94;Hayman's Sloe;;;combo;8.5;;GIN;Menu/Gin,Order Anywhere/Gin;Haymans SLoe;BLUE;;1.3771;;;;;LOCAL;;;default/;
277;;94;;;;;;;;;;;;;;;;;;;
95;Hendrick's;;;combo;7.0;;GIN;Menu/Gin,Order Anywhere/Gin;Hendrick´s;BLACK;;1.5697;;;;;LOCAL;;;default/;
277;;95;;;;;;;;;;;;;;;;;;;
96;Illusionist;;;combo;9.5;;GIN;Menu/Gin,Order Anywhere/Gin;Illusionist;BLACK;;2.7000;;;;;LOCAL;;;default/;
277;;96;;;;;;;;;;;;;;;;;;;
97;Illusionist alkoholfrei;;;combo;5.5;;GIN;Menu/Gin,Order Anywhere/Gin;illusionist alkoholfrei;BLACK;;1.4300;;;;;LOCAL;;;default/;
277;;97;;;;;;;;;;;;;;;;;;;
98;Larios Rose;;;combo;4.0;;GIN;Menu/Gin,Order Anywhere/Gin;Larios Rose;BLUE;;0.8229;;;;;LOCAL;;;default/;
277;;98;;;;;;;;;;;;;;;;;;;
99;Mampe Gin;;;combo;4.5;;GIN;Menu/Gin,Order Anywhere/Gin;Mampe;BLUE;;0.6503;;;;;LOCAL;;;default/;
277;;99;;;;;;;;;;;;;;;;;;;
100;Mare;;;combo;8.0;;GIN;Menu/Gin,Order Anywhere/Gin;Mare;BLUE;;2.1400;;;;;LOCAL;;;default/;
277;;100;;;;;;;;;;;;;;;;;;;
101;Martin Millers;;;combo;6.5;;GIN;Menu/Gin,Order Anywhere/Gin;Martins;BLUE;;1.4700;;;;;LOCAL;;;default/;
277;;101;;;;;;;;;;;;;;;;;;;
102;Monkey 47;;;combo;9.5;;GIN;Menu/Gin,Order Anywhere/Gin;Monkey 47;BROWN;;2.6088;;;;;LOCAL;;;default/;
277;;102;;;;;;;;;;;;;;;;;;;
103;Roku;;;combo;7.0;;GIN;Menu/Gin,Order Anywhere/Gin;Roku;LIGHT_RED;;1.3840;;;;;LOCAL;;;default/;
277;;103;;;;;;;;;;;;;;;;;;;
104;Siegfried;;;combo;8.0;;GIN;Menu/Gin,Order Anywhere/Gin;Siegfried;LIGHT_RED;;2.0400;;;;;LOCAL;;;default/;
277;;104;;;;;;;;;;;;;;;;;;;
105;Siegfried Alkoholfrei;;;combo;9.5;;GIN;Menu/Gin,Order Anywhere/Gin;Siegfried Alkoholfrei;GREEN;;1.4464;;;;;LOCAL;;;default/;
277;;105;;;;;;;;;;;;;;;;;;;
106;Sipsmith;;;combo;7.0;;GIN;Menu/Gin,Order Anywhere/Gin;Sipsmith;BLUE;;1.5900;;;;;LOCAL;;;default/;
277;;106;;;;;;;;;;;;;;;;;;;
107;Sul;;;combo;9.0;;GIN;Menu/Gin,Order Anywhere/Gin;Sul;BLUE;;2.4000;;;;;LOCAL;;;default/;
277;;107;;;;;;;;;;;;;;;;;;;
108;Tanqueray;;;combo;4.0;;GIN;Menu/Gin,Order Anywhere/Gin;Tanqueray;GREEN;;0.9288;;;;;LOCAL;;;default/;
277;;108;;;;;;;;;;;;;;;;;;;
109;Tanqueray 0,0;;;combo;4.0;;GIN;Menu/Gin,Order Anywhere/Gin;Tanqueray 0,0;GREEN;;0.9434;;;;;LOCAL;;;default/;
277;;109;;;;;;;;;;;;;;;;;;;
110;Tanqueray No. Ten;;;combo;6.0;;GIN;Menu/Gin,Order Anywhere/Gin;Tanqueray No. Ten;GREEN;;1.4274;;;;;LOCAL;;;default/;
277;;110;;;;;;;;;;;;;;;;;;;
111;Misc gin;;;combo;0.0;;GIN;Menu/Gin,Order Anywhere/Gin;Misc gin;BLUE;;;;;;;LOCAL;;;default/;
277;;111;;;;;;;;;;;;;;;;;;;
192;Lady V (Vegan) Pizza;;;combo;11.5;;Pizza;Menu/Food,Order Anywhere/Food;Lady V (Vegan);GREEN;;2.1066;;;;;LOCAL;;;default/;
236;;192;;;;;;;;;;;;;;;;;;;
238;;192;;;;;;;;;;;;;;;;;;;
194;Funghi Pizza;;;combo;11.5;;Pizza;Menu/Food,Order Anywhere/Food;Funghi Pizza;WHITE;;1.8831;;;;;LOCAL;;;default/;
236;;194;;;;;;;;;;;;;;;;;;;
238;;194;;;;;;;;;;;;;;;;;;;
195;The Tower Spicy Pizza;;;combo;13.5;;Pizza;Menu/Food,Order Anywhere/Food;The Tower Spicy Pizza;YELLOW;;2.2600;;;;;LOCAL;;;default/;
236;;195;;;;;;;;;;;;;;;;;;;
238;;195;;;;;;;;;;;;;;;;;;;
196;The Jester (Pepperoni) Pizza;;;combo;11.5;;Pizza;Menu/Food,Order Anywhere/Food;The Jester (Pepperoni);LIGHT_RED;;2.1123;;;;;LOCAL;;;default/;
236;;196;;;;;;;;;;;;;;;;;;;
237;;196;;;;;;;;;;;;;;;;;;;
197;Queen Margarita Pizza;;;combo;9.5;;Pizza;Menu/Food,Order Anywhere/Food;Queen Margarita Pizza;YELLOW;;1.6146;;;;;LOCAL;;;default/;
236;;197;;;;;;;;;;;;;;;;;;;
238;;197;;;;;;;;;;;;;;;;;;;
198;Royal Salami Pizza;;;combo;11.5;;Pizza;Menu/Food,Order Anywhere/Food;Royal Salami Pizza;DARK_RED;;2.0482;;;;;LOCAL;;;default/;
236;;198;;;;;;;;;;;;;;;;;;;
238;;198;;;;;;;;;;;;;;;;;;;
199;Sir PlantsAlot Pizza;;;combo;11.5;;Pizza;Menu/Food,Order Anywhere/Food;Sir PlantsAlot Pizza;GREEN;;2.3034;;;;;LOCAL;;;default/;
236;;199;;;;;;;;;;;;;;;;;;;
238;;199;;;;;;;;;;;;;;;;;;;
200;Dark Knight Pizza;;;combo;11.5;;Pizza;Menu/Food,Order Anywhere/Food;Dark Knight Pizza;BLACK;;1.8191;;;;;LOCAL;;;default/;
236;;200;;;;;;;;;;;;;;;;;;;
238;;200;;;;;;;;;;;;;;;;;;;
202;Focaccia;;;combo;7.5;;Food;Menu/Food,Order Anywhere/Food;Focaccia;BROWN;;0.5886;;;;;LOCAL;;;default/;
236;;202;;;;;;;;;;;;;;;;;;;
237;;202;;;;;;;;;;;;;;;;;;;
272;Wedges;;;combo;6.5;;Food;Menu/Food,Order Anywhere/Food;Wedges;BLUE;;0.8204;;;;;LOCAL;;;;
283;;272;;;;;;;;;;;;;;;;;;;
325;;272;;;;;;;;;;;;;;;;;;;
237;;272;;;;;;;;;;;;;;;;;;;
274;Nachos;;;combo;6.0;;Food;Menu/Food,Order Anywhere/Food;Nachos;ORANGE;;1.1533;;;;;LOCAL;;;;
282;;274;;;;;;;;;;;;;;;;;;;
271;;274;;;;;;;;;;;;;;;;;;;
237;;274;;;;;;;;;;;;;;;;;;;
294;Sweet Potatoes;;;combo;6.5;;Food;Menu/Food,Order Anywhere/Food;Sweet Potatoes;ORANGE;;1.8763;;;;;LOCAL;;;;
283;;294;;;;;;;;;;;;;;;;;;;
237;;294;;;;;;;;;;;;;;;;;;;
296;Vegan Nachos;;;combo;6.5;;Food;Menu/Food,Order Anywhere/Food;Vegan Nachos;ORANGE;;1.5223;;;;;LOCAL;;;;
282;;296;;;;;;;;;;;;;;;;;;;
271;;296;;;;;;;;;;;;;;;;;;;
237;;296;;;;;;;;;;;;;;;;;;;
317;Bombay Sapphire;;;combo;4.0;;GIN;Menu/Gin,Order Anywhere/Gin;Bombay Sapphire;BLUE;;0.9944;;;;;LOCAL;;;;
277;;317;;;;;;;;;;;;;;;;;;;
507;Vodka Tonic;;;combo;6.0;;Long Drinks;Menu/Long Drinks,Order Anywhere/Long Drinks;Vodka Tonic;BLUE;;1.3849;;;;;LOCAL;;;;
277;;507;;;;;;;;;;;;;;;;;;;
544;Glühwein with shot;;;combo;6.5;;Wein;Menu/Wein,Order Anywhere/Wein;Glühwein with shot;BLUE;;0.3592;;;;;LOCAL;;;;
545;;544;;;;;;;;;;;;;;;;;;;
588;Kids Margherita Pizza;;;combo;6.0;;Pizza;Menu/Food,Order Anywhere/Food;Kids Margherita Pizza;BLUE;;0.6953;;;;;LOCAL;;;;
236;;588;;;;;;;;;;;;;;;;;;;
238;;588;;;;;;;;;;;;;;;;;;;
683;Golden Pocket - mozzarella;;;combo;5.5;;Food;Menu/Snacks,Order Anywhere/Snacks;Golden Pocket - mozzarella;BLUE;;;;;;;LOCAL;;;;
238;;683;;;;;;;;;;;;;;;;;;;
684;Golden Pocket - Olives;;;combo;6.5;;Food;Menu/Snacks,Order Anywhere/Snacks;Golden Pocket - Olives;BLUE;;;;;;;LOCAL;;;;
238;;684;;;;;;;;;;;;;;;;;;;
685;Golden Pocket - Vegan;;;combo;6.5;;Food;Menu/Snacks,Order Anywhere/Snacks;Golden Pocket - Vegan;BLUE;;;;;;;LOCAL;;;;
238;;685;;;;;;;;;;;;;;;;;;;
715;Mampe NullNull;;;combo;4.5;;GIN;Menu/Gin;Mampe NullNull;BLUE;;;;;;;LOCAL;;;;
277;;715;;;;;;;;;;;;;;;;;;;
